,"('K', 'K')","('K', 'N')","('K', 'A')","('K', 'B')","('K', 'F')","('K', 'I')","('K', 'G')","('K', 'L')","('K', 'J')","('K', 'E')","('K', 'D')","('K', 'O')","('K', 'H')","('K', 'M')","('K', 'C')","('N', 'K')","('N', 'N')","('N', 'A')","('N', 'B')","('N', 'F')","('N', 'I')","('N', 'G')","('N', 'L')","('N', 'J')","('N', 'E')","('N', 'D')","('N', 'O')","('N', 'H')","('N', 'M')","('N', 'C')","('A', 'K')","('A', 'N')","('A', 'A')","('A', 'B')","('A', 'F')","('A', 'I')","('A', 'G')","('A', 'L')","('A', 'J')","('A', 'E')","('A', 'D')","('A', 'O')","('A', 'H')","('A', 'M')","('A', 'C')","('B', 'K')","('B', 'N')","('B', 'A')","('B', 'B')","('B', 'F')","('B', 'I')","('B', 'G')","('B', 'L')","('B', 'J')","('B', 'E')","('B', 'D')","('B', 'O')","('B', 'H')","('B', 'M')","('B', 'C')","('F', 'K')","('F', 'N')","('F', 'A')","('F', 'B')","('F', 'F')","('F', 'I')","('F', 'G')","('F', 'L')","('F', 'J')","('F', 'E')","('F', 'D')","('F', 'O')","('F', 'H')","('F', 'M')","('F', 'C')","('I', 'K')","('I', 'N')","('I', 'A')","('I', 'B')","('I', 'F')","('I', 'I')","('I', 'G')","('I', 'L')","('I', 'J')","('I', 'E')","('I', 'D')","('I', 'O')","('I', 'H')","('I', 'M')","('I', 'C')","('G', 'K')","('G', 'N')","('G', 'A')","('G', 'B')","('G', 'F')","('G', 'I')","('G', 'G')","('G', 'L')","('G', 'J')","('G', 'E')","('G', 'D')","('G', 'O')","('G', 'H')","('G', 'M')","('G', 'C')","('L', 'K')","('L', 'N')","('L', 'A')","('L', 'B')","('L', 'F')","('L', 'I')","('L', 'G')","('L', 'L')","('L', 'J')","('L', 'E')","('L', 'D')","('L', 'O')","('L', 'H')","('L', 'M')","('L', 'C')","('J', 'K')","('J', 'N')","('J', 'A')","('J', 'B')","('J', 'F')","('J', 'I')","('J', 'G')","('J', 'L')","('J', 'J')","('J', 'E')","('J', 'D')","('J', 'O')","('J', 'H')","('J', 'M')","('J', 'C')","('E', 'K')","('E', 'N')","('E', 'A')","('E', 'B')","('E', 'F')","('E', 'I')","('E', 'G')","('E', 'L')","('E', 'J')","('E', 'E')","('E', 'D')","('E', 'O')","('E', 'H')","('E', 'M')","('E', 'C')","('D', 'K')","('D', 'N')","('D', 'A')","('D', 'B')","('D', 'F')","('D', 'I')","('D', 'G')","('D', 'L')","('D', 'J')","('D', 'E')","('D', 'D')","('D', 'O')","('D', 'H')","('D', 'M')","('D', 'C')","('O', 'K')","('O', 'N')","('O', 'A')","('O', 'B')","('O', 'F')","('O', 'I')","('O', 'G')","('O', 'L')","('O', 'J')","('O', 'E')","('O', 'D')","('O', 'O')","('O', 'H')","('O', 'M')","('O', 'C')","('H', 'K')","('H', 'N')","('H', 'A')","('H', 'B')","('H', 'F')","('H', 'I')","('H', 'G')","('H', 'L')","('H', 'J')","('H', 'E')","('H', 'D')","('H', 'O')","('H', 'H')","('H', 'M')","('H', 'C')","('M', 'K')","('M', 'N')","('M', 'A')","('M', 'B')","('M', 'F')","('M', 'I')","('M', 'G')","('M', 'L')","('M', 'J')","('M', 'E')","('M', 'D')","('M', 'O')","('M', 'H')","('M', 'M')","('M', 'C')","('C', 'K')","('C', 'N')","('C', 'A')","('C', 'B')","('C', 'F')","('C', 'I')","('C', 'G')","('C', 'L')","('C', 'J')","('C', 'E')","('C', 'D')","('C', 'O')","('C', 'H')","('C', 'M')","('C', 'C')"
0,,,,,,,,,,,,,,,,,,,,,,,,,,,,,,,,,,,,,,,,,,,,,,,,,,,,,,,,,,,,,,,,,,,,,,,,,,,,,,,,,,,,,,,,,,,,,,,,,,,,,,,,,,,,,,,,,,,,,,,,,,,,,,,,,,,,,,,,,,,,,,,,,,,,,,,,,,,,,,,,,,,,,,,,,,,,,,,,,,,,,,,,,,,,,,,,,,,,,,,,,,,,,,,,,,,,,,,,,,,,,,,,,
1,,0.0,,,0.0,,,,,0.0,,0.0,0.0,,0.0,0.0,,,0.0,0.0,0.0,,0.0,,0.0,,0.0,0.0,0.0,0.0,,,,,,,,,,,,,,,,,0.0,,,,,,,,,0.0,,,,0.0,0.0,0.0,,,,0.0,,,0.0,,0.0,,,0.0,,,0.0,,,0.0,,,,,,,,0.0,,0.0,,,,,,,,,,0.0,,,0.0,0.0,,,0.0,,,,,,,,,0.0,,,,,,,,,0.0,,,,,,,,0.0,,0.0,0.0,0.0,,,,,0.0,,,,,,0.0,,0.0,,,,0.0,0.0,,,0.0,,,,,0.0,,,0.0,0.0,,,,,,,,,,,,,9.272948151106249,0.0,0.0,,,,0.0,0.0,,0.0,0.0,0.0,,,,,,0.0,,,0.0,,0.0,,,,,,,,0.0,0.0,0.0,,0.0,,0.0,,,0.0,0.0,,9.272948151106249,,0.0,
2,,0.0,,,0.0,,,,,0.0,,0.0,0.0,,0.0,0.0,,,0.0,0.0,0.0,,0.0,,0.0,,0.0,0.0,0.0,0.0,,,,,,,,,,,,,,,,,0.0,,,,,,,,,0.0,,,,0.0,0.0,0.0,,,,0.0,,,0.0,,0.0,,,0.0,,,0.0,,,0.0,,,,,,,,0.0,,0.0,,,,,,,,,,0.0,,,0.0,0.0,,,0.0,,,,,,,,,0.0,,,,,,,,,0.0,,,,,,,,0.0,,0.0,0.0,0.0,,,,,0.0,,,,,,0.0,,0.0,,,,0.0,0.0,,,0.0,,,,,0.0,,,0.0,0.0,,,,,,,,,,,,,9.272948151106249,0.0,0.0,,,,0.0,0.0,,0.0,0.0,0.0,,,,,,0.0,,,0.0,,0.0,,,,,,,,0.0,0.0,0.0,,0.0,,0.0,,,0.0,0.0,,9.272948151106249,,0.0,
3,,0.0,,,0.0,,,,,0.0,,0.0,0.0,,0.0,0.0,,,0.0,0.0,0.0,,0.0,,0.0,,0.0,0.0,0.0,0.0,,,,,,,,,,,,,,,,,0.0,,,,,,,,,0.0,,,,0.0,0.0,0.0,,,,0.0,,,0.0,,0.0,,,0.0,,,0.0,,,0.0,,,,,,,,0.0,,0.0,,,,,,,,,,0.0,,,4.306135258436866,0.0,,,0.0,,,,,,,,,0.0,,,,,,,,,0.0,,,,,,,,0.0,,0.0,0.0,0.0,,,,,0.0,,,,,,0.0,,0.0,,,,0.0,0.0,,,0.0,,,,,0.0,,,0.0,0.0,,,,,,,,,,,,,9.272948151106249,0.0,0.0,,,,0.0,4.306135258436866,,0.0,0.0,0.0,,,,,,0.0,,,0.0,,0.0,,,,,,,,0.0,0.0,0.0,,0.0,,0.0,,,0.0,0.0,,9.272948151106249,,0.0,
4,,0.0,,,0.0,,,,,0.0,,0.0,0.0,,0.0,0.0,,,0.0,0.0,0.0,,0.0,,0.0,,0.0,0.0,0.0,0.0,,,,,,,,,,,,,,,,,0.0,,,,,,,,,0.0,,,,0.0,0.0,0.0,,,,0.0,,,0.0,,0.0,,,0.0,,,0.0,,,0.0,,,,,,,,0.0,,0.0,,,,,,,,,,0.0,,,4.306135258436866,0.0,,,0.0,,,,,,,,,0.0,,,,,,,,,0.0,,,,,,,,0.0,,,0.0,0.0,,,,,0.0,,,,,,0.0,,0.0,,,,0.0,0.0,,,0.0,,,,,0.0,,,0.0,0.0,,,,,,,,,,,,,9.272948151106249,0.0,0.0,,,,0.0,4.306135258436866,,0.0,0.0,0.0,,,,,,0.0,,,0.0,,0.0,,,,,,,,0.0,0.0,0.0,,0.0,,0.0,,,,0.0,,9.272948151106249,,0.0,
5,,0.0,,,0.0,,,,,0.0,,0.0,0.0,,0.0,0.0,,,0.0,0.0,0.0,,0.0,,0.0,,0.0,0.0,0.0,0.0,,,,,,,,,,,,,,,,,0.0,,,,,,,,,0.0,,,,0.0,0.0,0.0,,,,0.0,,,0.0,,0.0,,,0.0,,,0.0,,,0.0,,,,,,,,0.0,,0.0,,,,,,,,,,0.0,,,4.306135258436866,0.0,,,0.0,,,,,,,,,0.0,,,,,,,,,0.0,,,,,,,,0.0,,0.0,0.0,0.0,,,,,0.0,,,,,,0.0,,0.0,,,,0.0,0.0,,,0.0,,,,,0.0,,,0.0,0.0,,,,,,,,,,,,,9.272948151106249,0.0,0.0,,,,0.0,4.306135258436866,,0.0,0.0,0.0,,,,,,0.0,,,0.0,,0.0,,,,,,,,0.0,0.0,0.0,,0.0,,0.0,,,0.0,0.0,,9.272948151106249,,0.0,
6,,0.0,,,0.0,,,,,0.0,,0.0,0.0,,0.0,0.0,,,0.0,0.0,0.0,,0.0,,0.0,,0.0,0.0,0.0,0.0,,,,,,,,,,,,,,,,,0.0,,,,,,,,,0.0,,,,0.0,0.0,0.0,,,,0.0,,,0.0,,0.0,,,0.0,,,0.0,,,0.0,,,,,,,,0.0,,4.96921177879121,,,,,,,,,,0.0,,,4.306135258436866,0.0,,,0.0,,,,,,,,,0.0,,,,,,,,,0.0,,,,,,,,0.0,,0.0,0.0,0.0,,,,,0.0,,,,,,0.0,,0.0,,,,0.0,0.0,,,0.0,,,,,0.0,,,0.0,0.0,,,,,,,,,,,,,9.272948151106249,0.0,0.0,,,,0.0,4.306135258436866,,0.0,0.0,0.0,,,,,,0.0,,,0.0,,0.0,,,,,,,,0.0,0.0,0.0,,0.0,,4.96921177879121,,,0.0,0.0,,9.272948151106249,,0.0,
7,,0.0,,,,,,,,0.0,,0.0,0.0,,0.0,0.0,,,0.0,0.0,0.0,,0.0,,0.0,,0.0,0.0,0.0,0.0,,,,,,,,,,,,,,,,,0.0,,,,,,,,,0.0,,,,0.0,,0.0,,,,0.0,,,0.0,,0.0,,,0.0,,,0.0,,,0.0,,,,,,,,0.0,,4.96921177879121,,,,,,,,,,0.0,,,4.306135258436866,0.0,,,0.0,,,,,,,,,0.0,,,,,,,,,0.0,,,,,,,,0.0,,0.0,0.0,0.0,,,,,0.0,,,,,,0.0,,0.0,,,,0.0,0.0,,,0.0,,,,,0.0,,,0.0,0.0,,,,,,,,,,,,,9.272948151106249,0.0,0.0,,,,0.0,4.306135258436866,,0.0,0.0,0.0,,,,,,0.0,,,0.0,,0.0,,,,,,,,0.0,0.0,0.0,,0.0,,4.96921177879121,,,0.0,0.0,,9.272948151106249,,0.0,
8,,0.0,,,0.0,,,,,,,0.0,0.0,,0.0,0.0,,,0.0,0.0,0.0,,0.0,,,,0.0,0.0,0.0,0.0,,,,,,,,,,,,,,,,,0.0,,,,,,,,,0.0,,,,0.0,0.0,0.0,,,,0.0,,,0.0,,0.0,,,0.0,,,0.0,,,0.0,,,,,,,,0.0,,4.96921177879121,,,,,,,,,,0.0,,,4.306135258436866,0.0,,,0.0,,,,,,,,,0.0,,,,,,,,,0.0,,,,,,,,0.0,,0.0,,,,,,,0.0,,,,,,0.0,,0.0,,,,0.0,0.0,,,0.0,,,,,0.0,,,0.0,0.0,,,,,,,,,,,,,9.272948151106249,0.0,0.0,,,,0.0,4.306135258436866,,0.0,0.0,0.0,,,,,,0.0,,,0.0,,0.0,,,,,,,,0.0,0.0,0.0,,0.0,,4.96921177879121,,,0.0,0.0,,9.272948151106249,,0.0,
9,,0.0,,,0.0,,,,,0.0,,0.0,0.0,,0.0,0.0,,,0.0,0.0,0.0,,0.0,,0.0,,0.0,0.0,0.0,0.0,,,,,,,,,,,,,,,,,0.0,,,,,,,,,0.0,,,,0.0,0.0,0.0,,,,0.0,,,0.0,,0.0,,,0.0,,,0.0,,,0.0,,,,,,,,0.0,,4.96921177879121,,,,,,,,,,0.0,,,4.306135258436866,0.0,,,0.0,,,,,,,,,0.0,,,,,,,,,0.0,,,,,,,,0.0,,0.0,0.0,0.0,,,,,0.0,,,,,,0.0,,0.0,,,,0.0,0.0,,,0.0,,,,,0.0,,,0.0,0.0,,,,,,,,,,,,,9.272948151106249,0.0,0.0,,,,0.0,4.306135258436866,,0.0,0.0,0.0,,,,,,0.0,,,0.0,,0.0,,,,,,,,0.0,0.0,0.0,,0.0,,4.96921177879121,,,0.0,0.0,,9.272948151106249,,0.0,
10,,0.0,,,0.0,,,,,0.0,,0.0,0.0,,0.0,0.0,,,0.0,0.0,0.0,,0.0,,0.0,,0.0,0.0,0.0,0.0,,,,,,,,,,,,,,,,,0.0,,,,,,,,,0.0,,,,0.0,0.0,0.0,,,,0.0,,,0.0,,0.0,,,0.0,,,0.0,,,0.0,,,,,,,,0.0,,4.96921177879121,,,,,,,,,,0.0,,,4.306135258436866,0.0,,,0.0,,,,,,,,,0.0,,,,,,,,,0.0,,,,,,,,0.0,,0.0,0.0,0.0,,,,,0.0,,,,,,0.0,,0.0,,,,0.0,0.0,,,0.0,,,,,0.0,,,0.0,0.0,,,,,,,,,,,,,9.272948151106249,0.0,0.0,,,,0.0,4.306135258436866,,0.0,0.0,0.0,,,,,,0.0,,,0.0,,0.0,,,,,,,,0.0,0.0,0.0,,0.0,,4.96921177879121,,,0.0,0.0,,9.272948151106249,,0.0,
11,,0.0,,,0.0,,,,,0.0,,0.0,0.0,,0.0,0.0,,,0.0,0.0,0.0,,0.0,,0.0,,0.0,0.0,0.0,0.0,,,,,,,,,,,,,,,,,0.0,,,,,,,,,0.0,,,,0.0,0.0,0.0,,,,0.0,,,0.0,,0.0,,,0.0,,,0.0,,,0.0,,,,,,,,0.0,,4.96921177879121,,,,,,,,,,0.0,,,4.306135258436866,0.0,,,0.0,,,,,,,,,0.0,,,,,,,,,0.0,,,,,,,,0.0,,0.0,0.0,0.0,,,,,0.0,,,,,,0.0,,0.0,,,,0.0,0.0,,,0.0,,,,,0.0,,,0.0,0.0,,,,,,,,,,,,,9.272948151106249,0.0,0.0,,,,0.0,4.306135258436866,,0.0,0.0,0.0,,,,,,0.0,,,0.0,,0.0,,,,,,,,11.128490477670148,0.0,0.0,,0.0,,4.96921177879121,,,0.0,0.0,,9.272948151106249,,11.128490477670148,
12,,0.0,,,0.0,,,,,0.0,,0.0,0.0,,0.0,0.0,,,0.0,0.0,0.0,,0.0,,0.0,,0.0,0.0,0.0,0.0,,,,,,,,,,,,,,,,,0.0,,,,,,,,,0.0,,,,0.0,0.0,0.0,,,,0.0,,,0.0,,0.0,,,0.0,,,0.0,,,0.0,,,,,,,,0.0,,4.96921177879121,,,,,,,,,,8.364480681578453,,,4.306135258436866,0.0,,,0.0,,,,,,,,,0.0,,,,,,,,,0.0,,,,,,,,0.0,,0.0,0.0,0.0,,,,,8.364480681578453,,,,,,0.0,,0.0,,,,0.0,0.0,,,0.0,,,,,0.0,,,0.0,0.0,,,,,,,,,,,,,9.272948151106249,0.0,0.0,,,,0.0,4.306135258436866,,0.0,0.0,0.0,,,,,,0.0,,,0.0,,0.0,,,,,,,,11.128490477670148,0.0,0.0,,0.0,,4.96921177879121,,,0.0,0.0,,9.272948151106249,,11.128490477670148,
13,,0.0,,,0.0,,,,,0.0,,0.0,0.0,,0.0,0.0,,,0.0,0.0,0.0,,0.0,,0.0,,0.0,0.0,0.0,0.0,,,,,,,,,,,,,,,,,0.0,,,,,,,,,0.0,,,,0.0,0.0,0.0,,,,0.0,,,0.0,,0.0,,,0.0,,,0.0,,,0.0,,,,,,,,0.0,,4.96921177879121,,,,,,,,,,8.364480681578453,,,4.306135258436866,0.0,,,0.0,,,,,,,,,0.0,,,,,,,,,0.0,,,,,,,,0.0,,0.0,0.0,0.0,,,,,8.364480681578453,,,,,,0.0,,0.0,,,,0.0,0.0,,,0.0,,,,,0.0,,,0.0,0.0,,,,,,,,,,,,,9.272948151106249,0.0,0.0,,,,0.0,4.306135258436866,,0.0,0.0,0.0,,,,,,0.0,,,0.0,,0.0,,,,,,,,11.128490477670148,0.0,0.0,,0.0,,4.96921177879121,,,0.0,0.0,,9.272948151106249,,11.128490477670148,
14,,0.0,,,0.0,,,,,0.0,,0.0,0.0,,0.0,0.0,,,0.0,0.0,0.0,,0.0,,5.478070154289215,,0.0,0.0,0.0,0.0,,,,,,,,,,,,,,,,,0.0,,,,,,,,,0.0,,,,0.0,0.0,0.0,,,,0.0,,,0.0,,0.0,,,0.0,,,0.0,,,0.0,,,,,,,,0.0,,4.96921177879121,,,,,,,,,,8.364480681578453,,,4.306135258436866,0.0,,,0.0,,,,,,,,,0.0,,,,,,,,,0.0,,,,,,,,0.0,,0.0,0.0,5.478070154289215,,,,,8.364480681578453,,,,,,0.0,,0.0,,,,0.0,0.0,,,0.0,,,,,0.0,,,0.0,0.0,,,,,,,,,,,,,9.272948151106249,0.0,0.0,,,,0.0,4.306135258436866,,0.0,0.0,0.0,,,,,,0.0,,,0.0,,0.0,,,,,,,,11.128490477670148,0.0,0.0,,0.0,,4.96921177879121,,,0.0,0.0,,9.272948151106249,,11.128490477670148,
15,,0.0,,,0.0,,,,,0.0,,0.0,0.0,,0.0,0.0,,,0.0,0.0,0.0,,0.0,,5.478070154289215,,0.0,0.0,0.0,0.0,,,,,,,,,,,,,,,,,0.0,,,,,,,,,0.0,,,,0.0,0.0,0.0,,,,0.0,,,0.0,,0.0,,,0.0,,,0.0,,,0.0,,,,,,,,0.0,,4.96921177879121,,,,,,,,,,8.364480681578453,,,4.306135258436866,0.0,,,0.0,,,,,,,,,0.0,,,,,,,,,0.0,,,,,,,,0.0,,0.0,0.0,5.478070154289215,,,,,8.364480681578453,,,,,,0.0,,0.0,,,,0.0,0.0,,,0.0,,,,,0.0,,,0.0,0.0,,,,,,,,,,,,,9.272948151106249,0.0,0.0,,,,0.0,4.306135258436866,,0.0,0.0,0.0,,,,,,0.0,,,0.0,,0.0,,,,,,,,11.128490477670148,0.0,0.0,,0.0,,4.96921177879121,,,0.0,0.0,,9.272948151106249,,11.128490477670148,
16,,0.0,,,0.0,,,,,0.0,,0.0,0.0,,0.0,0.0,,,0.0,0.0,0.0,,0.0,,5.478070154289215,,0.0,0.0,0.0,0.0,,,,,,,,,,,,,,,,,0.0,,,,,,,,,,,,,0.0,0.0,0.0,,,,0.0,,,0.0,,0.0,,,0.0,,,0.0,,,0.0,,,,,,,,0.0,,4.96921177879121,,,,,,,,,,8.364480681578453,,,4.306135258436866,0.0,,,0.0,,,,,,,,,0.0,,,,,,,,,0.0,,,,,,,,0.0,,0.0,0.0,5.478070154289215,,,,,8.364480681578453,,,,,,0.0,,0.0,,,,,0.0,,,0.0,,,,,0.0,,,0.0,0.0,,,,,,,,,,,,,9.272948151106249,0.0,0.0,,,,0.0,4.306135258436866,,0.0,0.0,0.0,,,,,,0.0,,,0.0,,0.0,,,,,,,,11.128490477670148,0.0,0.0,,0.0,,4.96921177879121,,,0.0,0.0,,9.272948151106249,,11.128490477670148,
17,,0.0,,,0.0,,,,,0.0,,0.0,0.0,,0.0,0.0,,,0.0,0.0,0.0,,0.0,,5.478070154289215,,0.0,0.0,0.0,0.0,,,,,,,,,,,,,,,,,0.0,,,,,,,,,0.0,,,,0.0,0.0,0.0,,,,0.0,,,0.0,,0.0,,,0.0,,,0.0,,,0.0,,,,,,,,0.0,,4.96921177879121,,,,,,,,,,8.364480681578453,,,4.306135258436866,0.0,,,0.0,,,,,,,,,0.0,,,,,,,,,0.0,,,,,,,,0.0,,0.0,0.0,5.478070154289215,,,,,8.364480681578453,,,,,,0.0,,0.0,,,,0.0,0.0,,,0.0,,,,,0.0,,,0.0,0.0,,,,,,,,,,,,,9.272948151106249,0.0,0.0,,,,0.0,4.306135258436866,,0.0,0.0,0.0,,,,,,0.0,,,0.0,,0.0,,,,,,,,11.128490477670148,0.0,0.0,,0.0,,4.96921177879121,,,0.0,0.0,,9.272948151106249,,11.128490477670148,
18,,0.0,,,0.0,,,,,0.0,,0.0,0.0,,0.0,0.0,,,0.0,0.0,0.0,,0.0,,5.478070154289215,,0.0,0.0,0.0,0.0,,,,,,,,,,,,,,,,,0.0,,,,,,,,,0.0,,,,0.0,0.0,0.0,,,,0.0,,,0.0,,0.0,,,0.0,,,0.0,,,0.0,,,,,,,,0.0,,4.96921177879121,,,,,,,,,,8.364480681578453,,,4.306135258436866,0.0,,,0.0,,,,,,,,,0.0,,,,,,,,,0.0,,,,,,,,0.0,,0.0,0.0,5.478070154289215,,,,,8.364480681578453,,,,,,0.0,,0.0,,,,0.0,0.0,,,0.0,,,,,0.0,,,0.0,0.0,,,,,,,,,,,,,9.272948151106249,0.0,0.0,,,,0.0,4.306135258436866,,0.0,0.0,0.0,,,,,,0.0,,,0.0,,0.0,,,,,,,,11.128490477670148,0.0,0.0,,0.0,,4.96921177879121,,,0.0,0.0,,9.272948151106249,,11.128490477670148,
19,,0.0,,,0.0,,,,,0.0,,0.0,0.0,,0.0,0.0,,,0.0,0.0,0.0,,0.0,,5.478070154289215,,0.0,0.0,0.0,0.0,,,,,,,,,,,,,,,,,0.0,,,,,,,,,0.0,,,,0.0,0.0,0.0,,,,0.0,,,0.0,,0.0,,,0.0,,,0.0,,,0.0,,,,,,,,0.0,,4.96921177879121,,,,,,,,,,8.364480681578453,,,4.306135258436866,0.0,,,0.0,,,,,,,,,0.0,,,,,,,,,0.0,,,,,,,,0.0,,0.0,0.0,5.478070154289215,,,,,8.364480681578453,,,,,,0.0,,0.0,,,,0.0,0.0,,,0.0,,,,,0.0,,,0.0,0.0,,,,,,,,,,,,,9.272948151106249,0.0,0.0,,,,0.0,4.306135258436866,,0.0,0.0,0.0,,,,,,0.0,,,0.0,,0.0,,,,,,,,11.128490477670148,0.0,0.0,,0.0,,4.96921177879121,,,0.0,0.0,,9.272948151106249,,11.128490477670148,
20,,0.0,,,0.0,,,,,0.0,,0.0,0.0,,0.0,0.0,,,11.777919007789142,0.0,0.0,,0.0,,5.478070154289215,,0.0,0.0,0.0,0.0,,,,,,,,,,,,,,,,,11.777919007789142,,,,,,,,,0.0,,,,0.0,0.0,0.0,,,,0.0,,,0.0,,0.0,,,0.0,,,0.0,,,0.0,,,,,,,,0.0,,4.96921177879121,,,,,,,,,,8.364480681578453,,,4.306135258436866,0.0,,,0.0,,,,,,,,,0.0,,,,,,,,,0.0,,,,,,,,0.0,,0.0,0.0,5.478070154289215,,,,,8.364480681578453,,,,,,0.0,,0.0,,,,0.0,0.0,,,0.0,,,,,0.0,,,0.0,0.0,,,,,,,,,,,,,9.272948151106249,0.0,0.0,,,,0.0,4.306135258436866,,0.0,0.0,0.0,,,,,,0.0,,,0.0,,0.0,,,,,,,,11.128490477670148,0.0,0.0,,0.0,,4.96921177879121,,,0.0,0.0,,9.272948151106249,,11.128490477670148,
21,,0.0,,,0.0,,,,,0.0,,0.0,0.0,,0.0,0.0,,,11.777919007789142,0.0,0.0,,0.0,,5.478070154289215,,0.0,0.0,0.0,0.0,,,,,,,,,,,,,,,,,11.777919007789142,,,,,,,,,0.0,,,,0.0,0.0,0.0,,,,0.0,,,0.0,,0.0,,,0.0,,,0.0,,,0.0,,,,,,,,0.0,,4.96921177879121,,,,,,,,,,8.364480681578453,,,4.306135258436866,0.0,,,0.0,,,,,,,,,0.0,,,,,,,,,0.0,,,,,,,,0.0,,0.0,0.0,5.478070154289215,,,,,8.364480681578453,,,,,,0.0,,0.0,,,,0.0,0.0,,,0.0,,,,,0.0,,,0.0,0.0,,,,,,,,,,,,,9.272948151106249,0.0,0.0,,,,0.0,4.306135258436866,,0.0,0.0,0.0,,,,,,0.0,,,0.0,,0.0,,,,,,,,11.128490477670148,0.0,0.0,,0.0,,4.96921177879121,,,0.0,0.0,,9.272948151106249,,11.128490477670148,
22,,0.0,,,0.0,,,,,0.0,,0.0,0.0,,0.0,0.0,,,11.777919007789142,0.0,0.0,,0.0,,5.478070154289215,,0.0,0.0,0.0,0.0,,,,,,,,,,,,,,,,,11.777919007789142,,,,,,,,,0.0,,,,0.0,0.0,0.0,,,,0.0,,,0.0,,0.0,,,0.0,,,0.0,,,0.0,,,,,,,,0.0,,4.96921177879121,,,,,,,,,,8.364480681578453,,,4.306135258436866,0.0,,,0.0,,,,,,,,,0.0,,,,,,,,,0.0,,,,,,,,0.0,,0.0,0.0,5.478070154289215,,,,,8.364480681578453,,,,,,0.0,,0.0,,,,0.0,0.0,,,0.0,,,,,0.0,,,0.0,0.0,,,,,,,,,,,,,9.272948151106249,0.0,0.0,,,,0.0,4.306135258436866,,0.0,0.0,0.0,,,,,,0.0,,,0.0,,0.0,,,,,,,,11.128490477670148,0.0,0.0,,0.0,,4.96921177879121,,,0.0,0.0,,9.272948151106249,,11.128490477670148,
23,,0.0,,,0.0,,,,,0.0,,0.0,0.0,,0.0,0.0,,,11.777919007789142,0.0,0.0,,0.0,,5.478070154289215,,0.0,0.0,0.0,0.0,,,,,,,,,,,,,,,,,11.777919007789142,,,,,,,,,0.0,,,,0.0,0.0,0.0,,,,0.0,,,0.0,,0.0,,,0.0,,,0.0,,,0.0,,,,,,,,0.0,,4.96921177879121,,,,,,,,,,8.364480681578453,,,4.306135258436866,0.0,,,0.0,,,,,,,,,0.0,,,,,,,,,0.0,,,,,,,,0.0,,0.0,0.0,5.478070154289215,,,,,8.364480681578453,,,,,,0.0,,0.0,,,,0.0,0.0,,,0.0,,,,,0.0,,,0.0,0.0,,,,,,,,,,,,,9.272948151106249,0.0,0.0,,,,0.0,4.306135258436866,,0.0,0.0,0.0,,,,,,0.0,,,0.0,,0.0,,,,,,,,11.128490477670148,0.0,0.0,,0.0,,4.96921177879121,,,0.0,0.0,,9.272948151106249,,11.128490477670148,
24,,0.0,,,0.0,,,,,0.0,,0.0,0.0,,0.0,0.0,,,11.777919007789142,0.0,0.0,,0.0,,5.478070154289215,,0.0,0.0,0.0,0.0,,,,,,,,,,,,,,,,,11.777919007789142,,,,,,,,,0.0,,,,0.0,0.0,0.0,,,,0.0,,,0.0,,0.0,,,0.0,,,0.0,,,0.0,,,,,,,,0.0,,4.96921177879121,,,,,,,,,,8.364480681578453,,,4.306135258436866,0.0,,,0.0,,,,,,,,,0.0,,,,,,,,,0.0,,,,,,,,0.0,,0.0,0.0,5.478070154289215,,,,,8.364480681578453,,,,,,0.0,,0.0,,,,0.0,0.0,,,0.0,,,,,0.0,,,0.0,0.0,,,,,,,,,,,,,9.272948151106249,0.0,0.0,,,,0.0,4.306135258436866,,0.0,0.0,0.0,,,,,,0.0,,,0.0,,0.0,,,,,,,,11.128490477670148,0.0,0.0,,0.0,,4.96921177879121,,,0.0,0.0,,9.272948151106249,,11.128490477670148,
25,,0.0,,,0.0,,,,,0.0,,0.0,0.0,,0.0,0.0,,,11.777919007789142,0.0,0.0,,0.0,,5.478070154289215,,0.0,0.0,0.0,0.0,,,,,,,,,,,,,,,,,11.777919007789142,,,,,,,,,0.0,,,,0.0,0.0,0.0,,,,0.0,,,0.0,,0.0,,,0.0,,,0.0,,,0.0,,,,,,,,0.0,,4.96921177879121,,,,,,,,,,8.364480681578453,,,4.306135258436866,0.0,,,0.0,,,,,,,,,0.0,,,,,,,,,0.0,,,,,,,,0.0,,0.0,0.0,5.478070154289215,,,,,8.364480681578453,,,,,,0.0,,0.0,,,,0.0,0.0,,,0.0,,,,,0.0,,,0.0,0.0,,,,,,,,,,,,,9.272948151106249,0.0,0.0,,,,0.0,4.306135258436866,,0.0,0.0,0.0,,,,,,0.0,,,0.0,,0.0,,,,,,,,11.128490477670148,0.0,0.0,,0.0,,4.96921177879121,,,0.0,0.0,,9.272948151106249,,11.128490477670148,
26,,0.0,,,0.0,,,,,0.0,,0.0,0.0,,0.0,0.0,,,11.777919007789142,0.0,0.0,,0.0,,5.478070154289215,,0.0,0.0,0.0,0.0,,,,,,,,,,,,,,,,,11.777919007789142,,,,,,,,,0.0,,,,0.0,0.0,0.0,,,,0.0,,,0.0,,0.0,,,0.0,,,0.0,,,0.0,,,,,,,,0.0,,4.96921177879121,,,,,,,,,,8.364480681578453,,,4.306135258436866,0.0,,,0.0,,,,,,,,,0.0,,,,,,,,,0.0,,,,,,,,0.0,,0.0,0.0,5.478070154289215,,,,,8.364480681578453,,,,,,0.0,,0.0,,,,0.0,0.0,,,0.0,,,,,0.0,,,0.0,0.0,,,,,,,,,,,,,9.272948151106249,0.0,0.0,,,,0.0,4.306135258436866,,0.0,0.0,0.0,,,,,,0.0,,,0.0,,0.0,,,,,,,,11.128490477670148,0.0,0.0,,0.0,,4.96921177879121,,,0.0,0.0,,9.272948151106249,,11.128490477670148,
27,,0.0,,,0.0,,,,,0.0,,0.0,0.0,,0.0,0.0,,,11.777919007789142,0.0,0.0,,0.0,,5.478070154289215,,0.0,0.0,0.0,0.0,,,,,,,,,,,,,,,,,11.777919007789142,,,,,,,,,0.0,,,,0.0,0.0,0.0,,,,0.0,,,0.0,,0.0,,,0.0,,,0.0,,,0.0,,,,,,,,0.0,,4.96921177879121,,,,,,,,,,8.364480681578453,,,4.306135258436866,0.0,,,0.0,,,,,,,,,0.0,,,,,,,,,0.0,,,,,,,,0.0,,0.0,0.0,5.478070154289215,,,,,8.364480681578453,,,,,,0.0,,0.0,,,,0.0,0.0,,,0.0,,,,,0.0,,,0.0,0.0,,,,,,,,,,,,,9.272948151106249,0.0,0.0,,,,0.0,4.306135258436866,,0.0,0.0,0.0,,,,,,0.0,,,0.0,,0.0,,,,,,,,11.128490477670148,0.0,0.0,,0.0,,4.96921177879121,,,0.0,0.0,,9.272948151106249,,11.128490477670148,
28,,0.0,,,0.0,,,,,6.111654331153608,,0.0,0.0,,0.0,0.0,,,11.777919007789142,0.0,0.0,,0.0,,5.478070154289215,,0.0,0.0,0.0,0.0,,,,,,,,,,,,,,,,,11.777919007789142,,,,,,,,,0.0,,,,0.0,0.0,0.0,,,,0.0,,,0.0,,0.0,,,0.0,,,0.0,,,0.0,,,,,,,,0.0,,4.96921177879121,,,,,,,,,,8.364480681578453,,,4.306135258436866,0.0,,,0.0,,,,,,,,,0.0,,,,,,,,,0.0,,,,,,,,0.0,,0.0,6.111654331153608,5.478070154289215,,,,,8.364480681578453,,,,,,0.0,,0.0,,,,0.0,0.0,,,0.0,,,,,0.0,,,0.0,0.0,,,,,,,,,,,,,9.272948151106249,0.0,0.0,,,,0.0,4.306135258436866,,0.0,0.0,0.0,,,,,,0.0,,,0.0,,0.0,,,,,,,,11.128490477670148,0.0,0.0,,0.0,,4.96921177879121,,,0.0,0.0,,9.272948151106249,,11.128490477670148,
29,,0.0,,,0.0,,,,,6.111654331153608,,0.0,0.0,,0.0,0.0,,,11.777919007789142,0.0,0.0,,0.0,,5.478070154289215,,0.0,0.0,0.0,0.0,,,,,,,,,,,,,,,,,11.777919007789142,,,,,,,,,0.0,,,,0.0,0.0,0.0,,,,0.0,,,0.0,,0.0,,,0.0,,,0.0,,,0.0,,,,,,,,0.0,,4.96921177879121,,,,,,,,,,8.364480681578453,,,4.306135258436866,0.0,,,0.0,,,,,,,,,0.0,,,,,,,,,0.0,,,,,,,,0.0,,0.0,6.111654331153608,5.478070154289215,,,,,8.364480681578453,,,,,,0.0,,0.0,,,,0.0,0.0,,,0.0,,,,,0.0,,,0.0,0.0,,,,,,,,,,,,,9.272948151106249,0.0,0.0,,,,0.0,4.306135258436866,,0.0,0.0,0.0,,,,,,0.0,,,0.0,,0.0,,,,,,,,11.128490477670148,0.0,0.0,,0.0,,4.96921177879121,,,0.0,0.0,,9.272948151106249,,11.128490477670148,
30,,0.0,,,0.0,,,,,6.111654331153608,,0.0,0.0,,0.0,0.0,,,11.777919007789142,0.0,0.0,,0.0,,5.478070154289215,,0.0,0.0,0.0,0.0,,,,,,,,,,,,,,,,,11.777919007789142,,,,,,,,,0.0,,,,0.0,0.0,0.0,,,,0.0,,,0.0,,0.0,,,0.0,,,0.0,,,0.0,,,,,,,,0.0,,4.96921177879121,,,,,,,,,,8.364480681578453,,,4.306135258436866,0.0,,,0.0,,,,,,,,,0.0,,,,,,,,,0.0,,,,,,,,0.0,,0.0,6.111654331153608,5.478070154289215,,,,,8.364480681578453,,,,,,0.0,,0.0,,,,0.0,0.0,,,0.0,,,,,0.0,,,0.0,0.0,,,,,,,,,,,,,9.272948151106249,0.0,0.0,,,,0.0,4.306135258436866,,0.0,0.0,0.0,,,,,,0.0,,,0.0,,0.0,,,,,,,,11.128490477670148,0.0,0.0,,0.0,,4.96921177879121,,,0.0,0.0,,9.272948151106249,,11.128490477670148,
31,,0.0,,,0.0,,,,,6.111654331153608,,0.0,0.0,,0.0,0.0,,,11.777919007789142,0.0,0.0,,0.0,,5.478070154289215,,0.0,0.0,0.0,0.0,,,,,,,,,,,,,,,,,11.777919007789142,,,,,,,,,0.0,,,,0.0,0.0,0.0,,,,0.0,,,0.0,,0.0,,,0.0,,,0.0,,,0.0,,,,,,,,0.0,,4.96921177879121,,,,,,,,,,8.364480681578453,,,4.306135258436866,0.0,,,0.0,,,,,,,,,0.0,,,,,,,,,0.0,,,,,,,,0.0,,0.0,6.111654331153608,5.478070154289215,,,,,8.364480681578453,,,,,,0.0,,0.0,,,,0.0,0.0,,,0.0,,,,,0.0,,,0.0,0.0,,,,,,,,,,,,,9.272948151106249,0.0,0.0,,,,0.0,4.306135258436866,,0.0,0.0,0.0,,,,,,0.0,,,0.0,,0.0,,,,,,,,11.128490477670148,0.0,0.0,,0.0,,4.96921177879121,,,0.0,0.0,,9.272948151106249,,11.128490477670148,
32,,0.0,,,0.0,,,,,6.111654331153608,,0.0,0.0,,0.0,0.0,,,11.777919007789142,0.0,0.0,,0.0,,5.478070154289215,,0.0,0.0,0.0,0.0,,,,,,,,,,,,,,,,,11.777919007789142,,,,,,,,,0.0,,,,0.0,0.0,0.0,,,,0.0,,,0.0,,0.0,,,0.0,,,0.0,,,0.0,,,,,,,,0.0,,4.96921177879121,,,,,,,,,,8.364480681578453,,,4.306135258436866,0.0,,,0.0,,,,,,,,,0.0,,,,,,,,,0.0,,,,,,,,0.0,,0.0,6.111654331153608,5.478070154289215,,,,,8.364480681578453,,,,,,0.0,,0.0,,,,0.0,0.0,,,0.0,,,,,0.0,,,0.0,0.0,,,,,,,,,,,,,9.272948151106249,0.0,0.0,,,,0.0,4.306135258436866,,0.0,0.0,0.0,,,,,,0.0,,,0.0,,0.0,,,,,,,,11.128490477670148,0.0,0.0,,0.0,,4.96921177879121,,,0.0,0.0,,9.272948151106249,,11.128490477670148,
33,,0.0,,,0.0,,,,,6.111654331153608,,0.0,0.0,,0.0,0.0,,,11.777919007789142,0.0,0.0,,0.0,,5.478070154289215,,0.0,0.0,0.0,0.0,,,,,,,,,,,,,,,,,11.777919007789142,,,,,,,,,0.0,,,,0.0,0.0,0.0,,,,0.0,,,0.0,,0.0,,,0.0,,,0.0,,,0.0,,,,,,,,0.0,,4.96921177879121,,,,,,,,,,8.364480681578453,,,4.306135258436866,0.0,,,0.0,,,,,,,,,0.0,,,,,,,,,0.0,,,,,,,,0.0,,0.0,6.111654331153608,5.478070154289215,,,,,8.364480681578453,,,,,,0.0,,0.0,,,,0.0,0.0,,,0.0,,,,,0.0,,,0.0,0.0,,,,,,,,,,,,,9.272948151106249,0.0,0.0,,,,0.0,4.306135258436866,,0.0,0.0,0.0,,,,,,0.0,,,0.0,,0.0,,,,,,,,11.128490477670148,0.0,0.0,,0.0,,4.96921177879121,,,0.0,0.0,,9.272948151106249,,11.128490477670148,
34,,0.0,,,0.0,,,,,6.111654331153608,,0.0,0.0,,0.0,0.0,,,11.777919007789142,0.0,0.0,,0.0,,5.478070154289215,,0.0,0.0,0.0,0.0,,,,,,,,,,,,,,,,,11.777919007789142,,,,,,,,,0.0,,,,0.0,0.0,0.0,,,,0.0,,,0.0,,0.0,,,0.0,,,0.0,,,0.0,,,,,,,,0.0,,4.96921177879121,,,,,,,,,,8.364480681578453,,,4.306135258436866,0.0,,,0.0,,,,,,,,,0.0,,,,,,,,,0.0,,,,,,,,0.0,,0.0,6.111654331153608,5.478070154289215,,,,,8.364480681578453,,,,,,0.0,,0.0,,,,0.0,0.0,,,0.0,,,,,0.0,,,0.0,0.0,,,,,,,,,,,,,9.272948151106249,0.0,0.0,,,,0.0,4.306135258436866,,0.0,0.0,0.0,,,,,,0.0,,,0.0,,0.0,,,,,,,,11.128490477670148,0.0,0.0,,0.0,,4.96921177879121,,,0.0,0.0,,9.272948151106249,,11.128490477670148,
35,,0.0,,,0.0,,,,,6.111654331153608,,0.0,0.0,,0.0,0.0,,,11.777919007789142,0.0,0.0,,0.0,,5.478070154289215,,0.0,0.0,0.0,0.0,,,,,,,,,,,,,,,,,11.777919007789142,,,,,,,,,0.0,,,,0.0,0.0,0.0,,,,0.0,,,0.0,,0.0,,,0.0,,,0.0,,,0.0,,,,,,,,0.0,,4.96921177879121,,,,,,,,,,8.364480681578453,,,4.306135258436866,0.0,,,0.0,,,,,,,,,0.0,,,,,,,,,0.0,,,,,,,,0.0,,0.0,6.111654331153608,5.478070154289215,,,,,8.364480681578453,,,,,,0.0,,0.0,,,,0.0,0.0,,,0.0,,,,,0.0,,,0.0,0.0,,,,,,,,,,,,,9.272948151106249,0.0,0.0,,,,0.0,4.306135258436866,,0.0,0.0,0.0,,,,,,0.0,,,0.0,,0.0,,,,,,,,11.128490477670148,0.0,0.0,,0.0,,4.96921177879121,,,0.0,0.0,,9.272948151106249,,11.128490477670148,
36,,0.0,,,0.0,,,,,6.111654331153608,,0.0,0.0,,0.0,0.0,,,11.777919007789142,0.0,0.0,,0.0,,5.478070154289215,,0.0,0.0,0.0,0.0,,,,,,,,,,,,,,,,,11.777919007789142,,,,,,,,,0.0,,,,0.0,0.0,0.0,,,,0.0,,,0.0,,0.0,,,10.264227896467698,,,0.0,,,0.0,,,,,,,,0.0,,4.96921177879121,,,,,,,,,,8.364480681578453,,,4.306135258436866,0.0,,,0.0,,,,,,,,,0.0,,,,,,,,,0.0,,,,,,,,0.0,,0.0,6.111654331153608,5.478070154289215,,,,,8.364480681578453,,,,,,0.0,,,,,,0.0,0.0,,,0.0,,,,,0.0,,,0.0,0.0,,,,,,,,,,,,,9.272948151106249,0.0,0.0,,,,0.0,4.306135258436866,,0.0,0.0,0.0,,,,,,0.0,,,10.264227896467698,,0.0,,,,,,,,11.128490477670148,0.0,0.0,,0.0,,4.96921177879121,,,0.0,,,9.272948151106249,,11.128490477670148,
37,,0.0,,,0.0,,,,,6.111654331153608,,0.0,0.0,,0.0,0.0,,,11.777919007789142,0.0,0.0,,0.0,,5.478070154289215,,0.0,0.0,0.0,0.0,,,,,,,,,,,,,,,,,11.777919007789142,,,,,,,,,0.0,,,,0.0,0.0,0.0,,,,0.0,,,0.0,,0.0,,,10.264227896467698,,,0.0,,,0.0,,,,,,,,0.0,,4.96921177879121,,,,,,,,,,8.364480681578453,,,4.306135258436866,0.0,,,0.0,,,,,,,,,0.0,,,,,,,,,0.0,,,,,,,,0.0,,0.0,6.111654331153608,5.478070154289215,,,,,8.364480681578453,,,,,,0.0,,0.0,,,,0.0,0.0,,,0.0,,,,,0.0,,,0.0,0.0,,,,,,,,,,,,,9.272948151106249,0.0,0.0,,,,0.0,4.306135258436866,,0.0,0.0,0.0,,,,,,0.0,,,10.264227896467698,,0.0,,,,,,,,11.128490477670148,0.0,0.0,,0.0,,4.96921177879121,,,0.0,0.0,,9.272948151106249,,11.128490477670148,
38,,0.0,,,0.0,,,,,6.111654331153608,,0.0,0.0,,0.0,0.0,,,11.777919007789142,0.0,0.0,,0.0,,5.478070154289215,,0.0,0.0,0.0,0.0,,,,,,,,,,,,,,,,,11.777919007789142,,,,,,,,,0.0,,,,0.0,0.0,0.0,,,,0.0,,,0.0,,0.0,,,10.264227896467698,,,0.0,,,0.0,,,,,,,,0.0,,4.96921177879121,,,,,,,,,,8.364480681578453,,,4.306135258436866,0.0,,,0.0,,,,,,,,,0.0,,,,,,,,,0.0,,,,,,,,0.0,,0.0,6.111654331153608,5.478070154289215,,,,,8.364480681578453,,,,,,4.224008149292806,,0.0,,,,0.0,0.0,,,0.0,,,,,0.0,,,0.0,0.0,,,,,,,,,,,,,9.272948151106249,0.0,0.0,,,,0.0,4.306135258436866,,0.0,4.224008149292806,0.0,,,,,,0.0,,,10.264227896467698,,0.0,,,,,,,,11.128490477670148,0.0,0.0,,0.0,,4.96921177879121,,,0.0,0.0,,9.272948151106249,,11.128490477670148,
39,,0.0,,,0.0,,,,,6.111654331153608,,0.0,0.0,,8.533078849842289,0.0,,,11.777919007789142,0.0,0.0,,0.0,,5.478070154289215,,0.0,0.0,0.0,0.0,,,,,,,,,,,,,,,,,11.777919007789142,,,,,,,,,0.0,,,,0.0,0.0,0.0,,,,0.0,,,4.39016893654157,,0.0,,,10.264227896467698,,,0.0,,,0.0,,,,,,,,0.0,,4.96921177879121,,,,,,,,,,8.364480681578453,,,4.306135258436866,0.0,,,0.0,,,,,,,,,0.0,,,,,,,,,4.39016893654157,,,,,,,,0.0,,0.0,6.111654331153608,5.478070154289215,,,,,8.364480681578453,,,,,,4.224008149292806,,0.0,,,,0.0,0.0,,,0.0,,,,,0.0,,,0.0,0.0,,,,,,,,,,,,,9.272948151106249,0.0,0.0,,,,0.0,4.306135258436866,,0.0,4.224008149292806,0.0,,,,,,0.0,,,10.264227896467698,,0.0,,,,,,,,11.128490477670148,8.533078849842289,0.0,,0.0,,4.96921177879121,,,0.0,0.0,,9.272948151106249,,11.128490477670148,
40,,0.0,,,0.0,,,,,6.111654331153608,,0.0,0.0,,8.533078849842289,0.0,,,11.777919007789142,0.0,0.0,,0.0,,5.478070154289215,,0.0,0.0,0.0,0.0,,,,,,,,,,,,,,,,,11.777919007789142,,,,,,,,,0.0,,,,0.0,0.0,0.0,,,,0.0,,,4.39016893654157,,0.0,,,10.264227896467698,,,0.0,,,0.0,,,,,,,,0.0,,4.96921177879121,,,,,,,,,,8.364480681578453,,,4.306135258436866,0.0,,,0.0,,,,,,,,,0.0,,,,,,,,,4.39016893654157,,,,,,,,0.0,,0.0,6.111654331153608,5.478070154289215,,,,,8.364480681578453,,,,,,4.224008149292806,,0.0,,,,0.0,0.0,,,0.0,,,,,0.0,,,0.0,0.0,,,,,,,,,,,,,9.272948151106249,0.0,0.0,,,,0.0,4.306135258436866,,0.0,4.224008149292806,0.0,,,,,,0.0,,,10.264227896467698,,0.0,,,,,,,,11.128490477670148,8.533078849842289,0.0,,0.0,,4.96921177879121,,,0.0,0.0,,9.272948151106249,,11.128490477670148,
41,,0.0,,,0.0,,,,,6.111654331153608,,0.0,0.0,,8.533078849842289,0.0,,,11.777919007789142,0.0,0.0,,0.0,,5.478070154289215,,0.0,0.0,0.0,0.0,,,,,,,,,,,,,,,,,11.777919007789142,,,,,,,,,0.0,,,,,0.0,0.0,,,,0.0,,,4.39016893654157,,0.0,,,10.264227896467698,,,0.0,,,0.0,,,,,,,,0.0,,4.96921177879121,,,,,,,,,,8.364480681578453,,,4.306135258436866,0.0,,,0.0,,,,,,,,,0.0,,,,,,,,,4.39016893654157,,,,,,,,0.0,,0.0,6.111654331153608,5.478070154289215,,,,,8.364480681578453,,,,,,4.224008149292806,,0.0,,,,0.0,0.0,,,0.0,,,,,0.0,,,0.0,0.0,,,,,,,,,,,,,9.272948151106249,0.0,0.0,,,,0.0,4.306135258436866,,0.0,4.224008149292806,0.0,,,,,,0.0,,,10.264227896467698,,0.0,,,,,,,,11.128490477670148,8.533078849842289,0.0,,,,4.96921177879121,,,0.0,0.0,,9.272948151106249,,11.128490477670148,
42,,0.0,,,0.0,,,,,6.111654331153608,,0.0,0.0,,8.533078849842289,0.0,,,11.777919007789142,0.0,0.0,,0.0,,5.478070154289215,,0.0,0.0,0.0,0.0,,,,,,,,,,,,,,,,,11.777919007789142,,,,,,,,,0.0,,,,0.0,0.0,0.0,,,,0.0,,,4.39016893654157,,0.0,,,10.264227896467698,,,0.0,,,0.0,,,,,,,,0.0,,4.96921177879121,,,,,,,,,,8.364480681578453,,,4.306135258436866,0.0,,,0.0,,,,,,,,,0.0,,,,,,,,,4.39016893654157,,,,,,,,0.0,,0.0,6.111654331153608,5.478070154289215,,,,,8.364480681578453,,,,,,4.224008149292806,,0.0,,,,0.0,0.0,,,0.0,,,,,0.0,,,0.0,0.0,,,,,,,,,,,,,9.272948151106249,0.0,0.0,,,,0.0,4.306135258436866,,0.0,4.224008149292806,0.0,,,,,,0.0,,,10.264227896467698,,0.0,,,,,,,,11.128490477670148,8.533078849842289,0.0,,0.0,,4.96921177879121,,,0.0,0.0,,9.272948151106249,,11.128490477670148,
43,,0.0,,,0.0,,,,,6.111654331153608,,0.0,0.0,,8.533078849842289,0.0,,,11.777919007789142,0.0,0.0,,0.0,,5.478070154289215,,0.0,0.0,0.0,0.0,,,,,,,,,,,,,,,,,11.777919007789142,,,,,,,,,0.0,,,,0.0,0.0,0.0,,,,0.0,,,4.39016893654157,,0.0,,,10.264227896467698,,,0.0,,,0.0,,,,,,,,0.0,,4.96921177879121,,,,,,,,,,8.364480681578453,,,4.306135258436866,0.0,,,0.0,,,,,,,,,0.0,,,,,,,,,4.39016893654157,,,,,,,,0.0,,0.0,6.111654331153608,5.478070154289215,,,,,8.364480681578453,,,,,,4.224008149292806,,0.0,,,,0.0,0.0,,,0.0,,,,,0.0,,,0.0,0.0,,,,,,,,,,,,,9.272948151106249,0.0,0.0,,,,0.0,4.306135258436866,,0.0,4.224008149292806,0.0,,,,,,0.0,,,10.264227896467698,,0.0,,,,,,,,11.128490477670148,8.533078849842289,0.0,,0.0,,4.96921177879121,,,0.0,0.0,,9.272948151106249,,11.128490477670148,
44,,0.0,,,0.0,,,,,6.111654331153608,,0.0,0.0,,8.533078849842289,0.0,,,11.777919007789142,0.0,0.0,,0.0,,5.478070154289215,,0.0,0.0,0.0,0.0,,,,,,,,,,,,,,,,,11.777919007789142,,,,,,,,,0.0,,,,0.0,0.0,0.0,,,,0.0,,,4.39016893654157,,0.0,,,10.264227896467698,,,0.0,,,0.0,,,,,,,,,,4.96921177879121,,,,,,,,,,8.364480681578453,,,4.306135258436866,0.0,,,0.0,,,,,,,,,0.0,,,,,,,,,4.39016893654157,,,,,,,,0.0,,0.0,6.111654331153608,5.478070154289215,,,,,8.364480681578453,,,,,,4.224008149292806,,0.0,,,,0.0,0.0,,,0.0,,,,,0.0,,,0.0,0.0,,,,,,,,,,,,,9.272948151106249,0.0,0.0,,,,,4.306135258436866,,0.0,4.224008149292806,0.0,,,,,,0.0,,,10.264227896467698,,0.0,,,,,,,,11.128490477670148,8.533078849842289,0.0,,0.0,,4.96921177879121,,,0.0,0.0,,9.272948151106249,,11.128490477670148,
45,,0.0,,,0.0,,,,,6.111654331153608,,0.0,0.0,,8.533078849842289,0.0,,,11.777919007789142,0.0,0.0,,0.0,,5.478070154289215,,0.0,0.0,0.0,0.0,,,,,,,,,,,,,,,,,11.777919007789142,,,,,,,,,0.0,,,,0.0,0.0,0.0,,,,0.0,,,4.39016893654157,,0.0,,,10.264227896467698,,,0.0,,,0.0,,,,,,,,0.0,,4.96921177879121,,,,,,,,,,8.364480681578453,,,4.306135258436866,0.0,,,0.0,,,,,,,,,0.0,,,,,,,,,4.39016893654157,,,,,,,,0.0,,0.0,6.111654331153608,5.478070154289215,,,,,8.364480681578453,,,,,,4.224008149292806,,0.0,,,,0.0,0.0,,,0.0,,,,,0.0,,,0.0,0.0,,,,,,,,,,,,,9.272948151106249,0.0,0.0,,,,0.0,4.306135258436866,,0.0,4.224008149292806,0.0,,,,,,0.0,,,10.264227896467698,,0.0,,,,,,,,11.128490477670148,8.533078849842289,0.0,,0.0,,4.96921177879121,,,0.0,0.0,,9.272948151106249,,11.128490477670148,
46,,0.0,,,0.0,,,,,6.111654331153608,,0.0,0.0,,8.533078849842289,0.0,,,11.777919007789142,0.0,0.0,,0.0,,5.478070154289215,,0.0,0.0,0.0,0.0,,,,,,,,,,,,,,,,,11.777919007789142,,,,,,,,,0.0,,,,0.0,0.0,0.0,,,,0.0,,,4.39016893654157,,0.0,,,10.264227896467698,,,0.0,,,0.0,,,,,,,,0.0,,4.96921177879121,,,,,,,,,,8.364480681578453,,,4.306135258436866,0.0,,,0.0,,,,,,,,,0.0,,,,,,,,,4.39016893654157,,,,,,,,0.0,,0.0,6.111654331153608,5.478070154289215,,,,,8.364480681578453,,,,,,4.224008149292806,,0.0,,,,0.0,0.0,,,0.0,,,,,0.0,,,0.0,0.0,,,,,,,,,,,,,9.272948151106249,0.0,0.0,,,,0.0,4.306135258436866,,0.0,4.224008149292806,0.0,,,,,,0.0,,,10.264227896467698,,0.0,,,,,,,,11.128490477670148,8.533078849842289,0.0,,0.0,,4.96921177879121,,,0.0,0.0,,9.272948151106249,,11.128490477670148,
47,,0.0,,,0.0,,,,,6.111654331153608,,0.0,0.0,,8.533078849842289,0.0,,,11.777919007789142,0.0,0.0,,0.0,,5.478070154289215,,0.0,0.0,0.0,0.0,,,,,,,,,,,,,,,,,11.777919007789142,,,,,,,,,0.0,,,,0.0,0.0,0.0,,,,0.0,,,4.39016893654157,,0.0,,,10.264227896467698,,,0.0,,,0.0,,,,,,,,0.0,,4.96921177879121,,,,,,,,,,8.364480681578453,,,4.306135258436866,0.0,,,0.0,,,,,,,,,0.0,,,,,,,,,4.39016893654157,,,,,,,,0.0,,0.0,6.111654331153608,5.478070154289215,,,,,8.364480681578453,,,,,,4.224008149292806,,0.0,,,,0.0,0.0,,,0.0,,,,,0.0,,,0.0,0.0,,,,,,,,,,,,,9.272948151106249,0.0,0.0,,,,0.0,4.306135258436866,,0.0,4.224008149292806,0.0,,,,,,0.0,,,10.264227896467698,,0.0,,,,,,,,11.128490477670148,8.533078849842289,0.0,,0.0,,4.96921177879121,,,0.0,0.0,,9.272948151106249,,11.128490477670148,
48,,0.0,,,0.0,,,,,6.111654331153608,,0.0,0.0,,8.533078849842289,0.0,,,11.777919007789142,0.0,0.0,,0.0,,5.478070154289215,,0.0,0.0,0.0,0.0,,,,,,,,,,,,,,,,,11.777919007789142,,,,,,,,,0.0,,,,0.0,0.0,0.0,,,,0.0,,,4.39016893654157,,0.0,,,10.264227896467698,,,0.0,,,0.0,,,,,,,,0.0,,4.96921177879121,,,,,,,,,,8.364480681578453,,,4.306135258436866,0.0,,,0.0,,,,,,,,,0.0,,,,,,,,,4.39016893654157,,,,,,,,0.0,,0.0,6.111654331153608,5.478070154289215,,,,,8.364480681578453,,,,,,4.224008149292806,,0.0,,,,0.0,0.0,,,0.0,,,,,0.0,,,0.0,0.0,,,,,,,,,,,,,9.272948151106249,0.0,0.0,,,,0.0,4.306135258436866,,0.0,4.224008149292806,0.0,,,,,,0.0,,,10.264227896467698,,0.0,,,,,,,,11.128490477670148,8.533078849842289,0.0,,0.0,,4.96921177879121,,,0.0,0.0,,9.272948151106249,,11.128490477670148,
49,,0.0,,,0.0,,,,,6.111654331153608,,0.0,0.0,,8.533078849842289,0.0,,,11.777919007789142,0.0,0.0,,0.0,,5.478070154289215,,0.0,0.0,0.0,0.0,,,,,,,,,,,,,,,,,11.777919007789142,,,,,,,,,0.0,,,,0.0,0.0,0.0,,,,0.0,,,4.39016893654157,,0.0,,,10.264227896467698,,,0.0,,,0.0,,,,,,,,0.0,,4.96921177879121,,,,,,,,,,8.364480681578453,,,4.306135258436866,0.0,,,0.0,,,,,,,,,0.0,,,,,,,,,4.39016893654157,,,,,,,,0.0,,0.0,6.111654331153608,5.478070154289215,,,,,8.364480681578453,,,,,,4.224008149292806,,0.0,,,,0.0,0.0,,,0.0,,,,,0.0,,,0.0,0.0,,,,,,,,,,,,,9.272948151106249,0.0,0.0,,,,0.0,4.306135258436866,,0.0,4.224008149292806,0.0,,,,,,0.0,,,10.264227896467698,,0.0,,,,,,,,11.128490477670148,8.533078849842289,0.0,,0.0,,4.96921177879121,,,0.0,0.0,,9.272948151106249,,11.128490477670148,
50,,0.0,,,0.0,,,,,6.111654331153608,,0.0,0.0,,8.533078849842289,0.0,,,11.777919007789142,0.0,0.0,,0.0,,5.478070154289215,,0.0,0.0,0.0,0.0,,,,,,,,,,,,,,,,,11.777919007789142,,,,,,,,,0.0,,,,0.0,0.0,0.0,,,,0.0,,,4.39016893654157,,0.0,,,10.264227896467698,,,0.0,,,0.0,,,,,,,,0.0,,4.96921177879121,,,,,,,,,,8.364480681578453,,,4.306135258436866,0.0,,,0.0,,,,,,,,,0.0,,,,,,,,,4.39016893654157,,,,,,,,0.0,,0.0,6.111654331153608,5.478070154289215,,,,,8.364480681578453,,,,,,4.224008149292806,,0.0,,,,0.0,0.0,,,0.0,,,,,0.0,,,0.0,0.0,,,,,,,,,,,,,9.272948151106249,0.0,0.0,,,,0.0,4.306135258436866,,0.0,4.224008149292806,0.0,,,,,,0.0,,,10.264227896467698,,0.0,,,,,,,,11.128490477670148,8.533078849842289,0.0,,0.0,,4.96921177879121,,,0.0,0.0,,9.272948151106249,,11.128490477670148,
51,,0.0,,,0.0,,,,,6.111654331153608,,0.0,0.0,,8.533078849842289,0.0,,,11.777919007789142,0.0,0.0,,0.0,,5.478070154289215,,0.0,0.0,0.0,0.0,,,,,,,,,,,,,,,,,11.777919007789142,,,,,,,,,0.0,,,,0.0,0.0,0.0,,,,0.0,,,4.39016893654157,,0.0,,,10.264227896467698,,,0.0,,,0.0,,,,,,,,0.0,,4.96921177879121,,,,,,,,,,8.364480681578453,,,4.306135258436866,0.0,,,0.0,,,,,,,,,0.0,,,,,,,,,4.39016893654157,,,,,,,,0.0,,0.0,6.111654331153608,5.478070154289215,,,,,8.364480681578453,,,,,,4.224008149292806,,0.0,,,,0.0,0.0,,,0.0,,,,,0.0,,,0.0,0.0,,,,,,,,,,,,,9.272948151106249,0.0,0.0,,,,0.0,4.306135258436866,,0.0,4.224008149292806,0.0,,,,,,0.0,,,10.264227896467698,,0.0,,,,,,,,11.128490477670148,8.533078849842289,0.0,,0.0,,4.96921177879121,,,0.0,0.0,,9.272948151106249,,11.128490477670148,
52,,0.0,,,0.0,,,,,6.111654331153608,,0.0,0.0,,8.533078849842289,0.0,,,11.777919007789142,0.0,0.0,,0.0,,5.478070154289215,,0.0,0.0,0.0,0.0,,,,,,,,,,,,,,,,,11.777919007789142,,,,,,,,,8.63260406987797,,,,0.0,0.0,0.0,,,,0.0,,,4.39016893654157,,0.0,,,10.264227896467698,,,0.0,,,0.0,,,,,,,,0.0,,4.96921177879121,,,,,,,,,,8.364480681578453,,,4.306135258436866,0.0,,,0.0,,,,,,,,,0.0,,,,,,,,,4.39016893654157,,,,,,,,0.0,,0.0,6.111654331153608,5.478070154289215,,,,,8.364480681578453,,,,,,4.224008149292806,,0.0,,,,8.63260406987797,0.0,,,0.0,,,,,0.0,,,0.0,0.0,,,,,,,,,,,,,9.272948151106249,0.0,0.0,,,,0.0,4.306135258436866,,0.0,4.224008149292806,0.0,,,,,,0.0,,,10.264227896467698,,0.0,,,,,,,,11.128490477670148,8.533078849842289,0.0,,0.0,,4.96921177879121,,,0.0,0.0,,9.272948151106249,,11.128490477670148,
53,,0.0,,,0.0,,,,,6.111654331153608,,0.0,0.0,,8.533078849842289,0.0,,,11.777919007789142,0.0,0.0,,0.0,,5.478070154289215,,0.0,0.0,0.0,0.0,,,,,,,,,,,,,,,,,11.777919007789142,,,,,,,,,8.63260406987797,,,,0.0,0.0,0.0,,,,0.0,,,4.39016893654157,,0.0,,,10.264227896467698,,,0.0,,,0.0,,,,,,,,0.0,,4.96921177879121,,,,,,,,,,8.364480681578453,,,4.306135258436866,0.0,,,0.0,,,,,,,,,0.0,,,,,,,,,4.39016893654157,,,,,,,,0.0,,0.0,6.111654331153608,5.478070154289215,,,,,8.364480681578453,,,,,,4.224008149292806,,0.0,,,,8.63260406987797,0.0,,,0.0,,,,,0.0,,,0.0,0.0,,,,,,,,,,,,,9.272948151106249,0.0,0.0,,,,0.0,4.306135258436866,,0.0,4.224008149292806,0.0,,,,,,0.0,,,10.264227896467698,,0.0,,,,,,,,11.128490477670148,8.533078849842289,0.0,,0.0,,4.96921177879121,,,0.0,0.0,,9.272948151106249,,11.128490477670148,
54,,0.0,,,0.0,,,,,6.111654331153608,,0.0,0.0,,8.533078849842289,0.0,,,11.777919007789142,0.0,0.0,,0.0,,5.478070154289215,,0.0,0.0,0.0,0.0,,,,,,,,,,,,,,,,,11.777919007789142,,,,,,,,,8.63260406987797,,,,0.0,0.0,0.0,,,,0.0,,,4.39016893654157,,,,,10.264227896467698,,,0.0,,,0.0,,,,,,,,0.0,,4.96921177879121,,,,,,,,,,8.364480681578453,,,4.306135258436866,0.0,,,0.0,,,,,,,,,0.0,,,,,,,,,4.39016893654157,,,,,,,,0.0,,0.0,6.111654331153608,5.478070154289215,,,,,8.364480681578453,,,,,,4.224008149292806,,0.0,,,,8.63260406987797,,,,0.0,,,,,0.0,,,0.0,0.0,,,,,,,,,,,,,9.272948151106249,0.0,0.0,,,,0.0,4.306135258436866,,0.0,4.224008149292806,0.0,,,,,,0.0,,,10.264227896467698,,0.0,,,,,,,,11.128490477670148,8.533078849842289,0.0,,0.0,,4.96921177879121,,,0.0,0.0,,9.272948151106249,,11.128490477670148,
55,,0.0,,,0.0,,,,,6.111654331153608,,0.0,0.0,,8.533078849842289,0.0,,,11.777919007789142,0.0,0.0,,0.0,,5.478070154289215,,0.0,0.0,0.0,0.0,,,,,,,,,,,,,,,,,11.777919007789142,,,,,,,,,8.63260406987797,,,,0.0,0.0,0.0,,,,0.0,,,4.39016893654157,,0.0,,,10.264227896467698,,,0.0,,,0.0,,,,,,,,0.0,,4.96921177879121,,,,,,,,,,8.364480681578453,,,4.306135258436866,0.0,,,0.0,,,,,,,,,0.0,,,,,,,,,4.39016893654157,,,,,,,,0.0,,0.0,6.111654331153608,5.478070154289215,,,,,8.364480681578453,,,,,,4.224008149292806,,0.0,,,,8.63260406987797,0.0,,,0.0,,,,,0.0,,,0.0,0.0,,,,,,,,,,,,,9.272948151106249,0.0,0.0,,,,0.0,4.306135258436866,,0.0,4.224008149292806,0.0,,,,,,0.0,,,10.264227896467698,,0.0,,,,,,,,11.128490477670148,8.533078849842289,0.0,,0.0,,4.96921177879121,,,0.0,0.0,,9.272948151106249,,11.128490477670148,
56,,0.0,,,0.0,,,,,6.111654331153608,,0.0,0.0,,8.533078849842289,0.0,,,11.777919007789142,0.0,0.0,,0.0,,5.478070154289215,,0.0,0.0,0.0,0.0,,,,,,,,,,,,,,,,,11.777919007789142,,,,,,,,,8.63260406987797,,,,0.0,0.0,0.0,,,,0.0,,,4.39016893654157,,0.0,,,10.264227896467698,,,0.0,,,0.0,,,,,,,,0.0,,4.96921177879121,,,,,,,,,,8.364480681578453,,,4.306135258436866,0.0,,,0.0,,,,,,,,,0.0,,,,,,,,,4.39016893654157,,,,,,,,0.0,,4.153453711720496,6.111654331153608,5.478070154289215,,,,,8.364480681578453,,,,,,4.224008149292806,,0.0,,,,8.63260406987797,0.0,,,0.0,,,,,0.0,,,0.0,0.0,,,,,,,,,,,,,9.272948151106249,0.0,0.0,,,,0.0,4.306135258436866,,0.0,4.224008149292806,0.0,,,,,,0.0,,,10.264227896467698,,0.0,,,,,,,,11.128490477670148,8.533078849842289,0.0,,0.0,,4.96921177879121,,,4.153453711720496,0.0,,9.272948151106249,,11.128490477670148,
57,,0.0,,,0.0,,,,,6.111654331153608,,0.0,0.0,,8.533078849842289,0.0,,,11.777919007789142,0.0,0.0,,0.0,,5.478070154289215,,0.0,0.0,0.0,0.0,,,,,,,,,,,,,,,,,11.777919007789142,,,,,,,,,8.63260406987797,,,,0.0,0.0,0.0,,,,0.0,,,4.39016893654157,,0.0,,,10.264227896467698,,,0.0,,,0.0,,,,,,,,0.0,,4.96921177879121,,,,,,,,,,8.364480681578453,,,4.306135258436866,0.0,,,0.0,,,,,,,,,0.0,,,,,,,,,4.39016893654157,,,,,,,,0.0,,4.153453711720496,6.111654331153608,5.478070154289215,,,,,8.364480681578453,,,,,,4.224008149292806,,0.0,,,,8.63260406987797,0.0,,,0.0,,,,,0.0,,,0.0,0.0,,,,,,,,,,,,,9.272948151106249,0.0,0.0,,,,0.0,4.306135258436866,,0.0,4.224008149292806,0.0,,,,,,0.0,,,10.264227896467698,,0.0,,,,,,,,11.128490477670148,8.533078849842289,0.0,,0.0,,4.96921177879121,,,4.153453711720496,0.0,,9.272948151106249,,11.128490477670148,
58,,0.0,,,0.0,,,,,6.111654331153608,,0.0,0.0,,8.533078849842289,0.0,,,11.777919007789142,0.0,0.0,,0.0,,5.478070154289215,,7.134220586183886,0.0,0.0,0.0,,,,,,,,,,,,,,,,,11.777919007789142,,,,,,,,,8.63260406987797,,,,0.0,0.0,0.0,,,,0.0,,,4.39016893654157,,0.0,,,10.264227896467698,,,0.0,,,0.0,,,,,,,,0.0,,4.96921177879121,,,,,,,,,,8.364480681578453,,,4.306135258436866,0.0,,,0.0,,,,,,,,,0.0,,,,,,,,,4.39016893654157,,,,,,,,0.0,,4.153453711720496,6.111654331153608,5.478070154289215,,,,,8.364480681578453,,,,,,4.224008149292806,,0.0,,,,8.63260406987797,0.0,,,0.0,,,,,0.0,,,0.0,7.134220586183886,,,,,,,,,,,,,9.272948151106249,0.0,0.0,,,,0.0,4.306135258436866,,0.0,4.224008149292806,0.0,,,,,,0.0,,,10.264227896467698,,0.0,,,,,,,,11.128490477670148,8.533078849842289,0.0,,0.0,,4.96921177879121,,,4.153453711720496,0.0,,9.272948151106249,,11.128490477670148,
59,,0.0,,,0.0,,,,,6.111654331153608,,0.0,0.0,,8.533078849842289,0.0,,,11.777919007789142,0.0,0.0,,0.0,,5.478070154289215,,7.134220586183886,0.0,0.0,0.0,,,,,,,,,,,,,,,,,11.777919007789142,,,,,,,,,8.63260406987797,,,,0.0,0.0,0.0,,,,0.0,,,4.39016893654157,,0.0,,,10.264227896467698,,,0.0,,,0.0,,,,,,,,0.0,,4.96921177879121,,,,,,,,,,8.364480681578453,,,4.306135258436866,0.0,,,0.0,,,,,,,,,0.0,,,,,,,,,4.39016893654157,,,,,,,,0.0,,4.153453711720496,6.111654331153608,5.478070154289215,,,,,8.364480681578453,,,,,,4.224008149292806,,0.0,,,,8.63260406987797,0.0,,,0.0,,,,,0.0,,,0.0,7.134220586183886,,,,,,,,,,,,,9.272948151106249,0.0,0.0,,,,0.0,4.306135258436866,,0.0,4.224008149292806,0.0,,,,,,0.0,,,10.264227896467698,,0.0,,,,,,,,11.128490477670148,8.533078849842289,0.0,,0.0,,4.96921177879121,,,4.153453711720496,0.0,,9.272948151106249,,11.128490477670148,
60,,0.0,,,0.0,,,,,6.111654331153608,,0.0,0.0,,8.533078849842289,0.0,,,11.777919007789142,0.0,6.458998198865708,,0.0,,5.478070154289215,,7.134220586183886,0.0,0.0,0.0,,,,,,,,,,,,,,,,,11.777919007789142,,,,,,,,,8.63260406987797,,,,0.0,0.0,0.0,,,,0.0,,,4.39016893654157,,0.0,,,10.264227896467698,,,6.458998198865708,,,0.0,,,,,,,,0.0,,4.96921177879121,,,,,,,,,,8.364480681578453,,,4.306135258436866,0.0,,,0.0,,,,,,,,,0.0,,,,,,,,,4.39016893654157,,,,,,,,0.0,,4.153453711720496,6.111654331153608,5.478070154289215,,,,,8.364480681578453,,,,,,4.224008149292806,,0.0,,,,8.63260406987797,0.0,,,0.0,,,,,0.0,,,0.0,7.134220586183886,,,,,,,,,,,,,9.272948151106249,0.0,0.0,,,,0.0,4.306135258436866,,0.0,4.224008149292806,0.0,,,,,,0.0,,,10.264227896467698,,0.0,,,,,,,,11.128490477670148,8.533078849842289,0.0,,0.0,,4.96921177879121,,,4.153453711720496,0.0,,9.272948151106249,,11.128490477670148,
61,,0.0,,,0.0,,,,,6.111654331153608,,0.0,0.0,,8.533078849842289,0.0,,,11.777919007789142,0.0,6.458998198865708,,0.0,,5.478070154289215,,7.134220586183886,0.0,0.0,0.0,,,,,,,,,,,,,,,,,11.777919007789142,,,,,,,,,8.63260406987797,,,,0.0,0.0,0.0,,,,0.0,,,4.39016893654157,,0.0,,,10.264227896467698,,,6.458998198865708,,,0.0,,,,,,,,0.0,,4.96921177879121,,,,,,,,,,8.364480681578453,,,4.306135258436866,0.0,,,0.0,,,,,,,,,0.0,,,,,,,,,4.39016893654157,,,,,,,,0.0,,4.153453711720496,6.111654331153608,5.478070154289215,,,,,8.364480681578453,,,,,,4.224008149292806,,0.0,,,,8.63260406987797,0.0,,,0.0,,,,,0.0,,,0.0,7.134220586183886,,,,,,,,,,,,,9.272948151106249,0.0,0.0,,,,0.0,4.306135258436866,,0.0,4.224008149292806,0.0,,,,,,0.0,,,10.264227896467698,,0.0,,,,,,,,11.128490477670148,8.533078849842289,0.0,,0.0,,4.96921177879121,,,4.153453711720496,0.0,,9.272948151106249,,11.128490477670148,
62,,0.0,,,0.0,,,,,6.111654331153608,,0.0,0.0,,8.533078849842289,0.0,,,11.777919007789142,0.0,6.458998198865708,,0.0,,5.478070154289215,,7.134220586183886,0.0,0.0,0.0,,,,,,,,,,,,,,,,,11.777919007789142,,,,,,,,,8.63260406987797,,,,0.0,0.0,0.0,,,,0.0,,,4.39016893654157,,0.0,,,10.264227896467698,,,6.458998198865708,,,0.0,,,,,,,,0.0,,4.96921177879121,,,,,,,,,,8.364480681578453,,,4.306135258436866,0.0,,,0.0,,,,,,,,,0.0,,,,,,,,,4.39016893654157,,,,,,,,0.0,,4.153453711720496,6.111654331153608,5.478070154289215,,,,,8.364480681578453,,,,,,4.224008149292806,,0.0,,,,8.63260406987797,0.0,,,0.0,,,,,0.0,,,0.0,7.134220586183886,,,,,,,,,,,,,9.272948151106249,0.0,0.0,,,,0.0,4.306135258436866,,0.0,4.224008149292806,0.0,,,,,,0.0,,,10.264227896467698,,0.0,,,,,,,,11.128490477670148,8.533078849842289,0.0,,0.0,,4.96921177879121,,,4.153453711720496,0.0,,9.272948151106249,,11.128490477670148,
63,,0.0,,,0.0,,,,,6.111654331153608,,0.0,0.0,,8.533078849842289,0.0,,,11.777919007789142,0.0,6.458998198865708,,0.0,,5.478070154289215,,7.134220586183886,0.0,0.0,0.0,,,,,,,,,,,,,,,,,11.777919007789142,,,,,,,,,8.63260406987797,,,,0.0,0.0,0.0,,,,0.0,,,4.39016893654157,,0.0,,,10.264227896467698,,,6.458998198865708,,,0.0,,,,,,,,0.0,,4.96921177879121,,,,,,,,,,8.364480681578453,,,4.306135258436866,0.0,,,0.0,,,,,,,,,0.0,,,,,,,,,4.39016893654157,,,,,,,,0.0,,4.153453711720496,6.111654331153608,5.478070154289215,,,,,8.364480681578453,,,,,,4.224008149292806,,0.0,,,,8.63260406987797,0.0,,,0.0,,,,,,,,0.0,7.134220586183886,,,,,,,,,,,,,9.272948151106249,0.0,0.0,,,,0.0,4.306135258436866,,0.0,4.224008149292806,,,,,,,0.0,,,10.264227896467698,,0.0,,,,,,,,11.128490477670148,8.533078849842289,0.0,,0.0,,4.96921177879121,,,4.153453711720496,0.0,,9.272948151106249,,11.128490477670148,
64,,0.0,,,0.0,,,,,6.111654331153608,,0.0,0.0,,8.533078849842289,0.0,,,11.777919007789142,0.0,6.458998198865708,,0.0,,5.478070154289215,,7.134220586183886,0.0,0.0,0.0,,,,,,,,,,,,,,,,,11.777919007789142,,,,,,,,,8.63260406987797,,,,0.0,0.0,0.0,,,,0.0,,,4.39016893654157,,0.0,,,10.264227896467698,,,6.458998198865708,,,0.0,,,,,,,,0.0,,4.96921177879121,,,,,,,,,,8.364480681578453,,,4.306135258436866,0.0,,,0.0,,,,,,,,,0.0,,,,,,,,,4.39016893654157,,,,,,,,0.0,,4.153453711720496,6.111654331153608,5.478070154289215,,,,,8.364480681578453,,,,,,4.224008149292806,,0.0,,,,8.63260406987797,0.0,,,0.0,,,,,0.0,,,0.0,7.134220586183886,,,,,,,,,,,,,9.272948151106249,0.0,0.0,,,,0.0,4.306135258436866,,0.0,4.224008149292806,0.0,,,,,,0.0,,,10.264227896467698,,0.0,,,,,,,,11.128490477670148,8.533078849842289,0.0,,0.0,,4.96921177879121,,,4.153453711720496,0.0,,9.272948151106249,,11.128490477670148,
65,,0.0,,,0.0,,,,,6.111654331153608,,0.0,0.0,,8.533078849842289,0.0,,,11.777919007789142,0.0,6.458998198865708,,0.0,,5.478070154289215,,7.134220586183886,0.0,0.0,0.0,,,,,,,,,,,,,,,,,11.777919007789142,,,,,,,,,8.63260406987797,,,,0.0,0.0,0.0,,,,0.0,,,4.39016893654157,,0.0,,,10.264227896467698,,,6.458998198865708,,,0.0,,,,,,,,0.0,,4.96921177879121,,,,,,,,,,8.364480681578453,,,4.306135258436866,0.0,,,0.0,,,,,,,,,0.0,,,,,,,,,4.39016893654157,,,,,,,,0.0,,4.153453711720496,6.111654331153608,5.478070154289215,,,,,8.364480681578453,,,,,,4.224008149292806,,0.0,,,,8.63260406987797,0.0,,,0.0,,,,,0.0,,,0.0,7.134220586183886,,,,,,,,,,,,,9.272948151106249,0.0,0.0,,,,0.0,4.306135258436866,,0.0,4.224008149292806,0.0,,,,,,0.0,,,10.264227896467698,,0.0,,,,,,,,11.128490477670148,8.533078849842289,0.0,,0.0,,4.96921177879121,,,4.153453711720496,0.0,,9.272948151106249,,11.128490477670148,
66,,0.0,,,0.0,,,,,6.111654331153608,,0.0,0.0,,8.533078849842289,0.0,,,11.777919007789142,0.0,6.458998198865708,,0.0,,5.478070154289215,,7.134220586183886,0.0,0.0,0.0,,,,,,,,,,,,,,,,,11.777919007789142,,,,,,,,,,,,,0.0,0.0,0.0,,,,0.0,,,4.39016893654157,,0.0,,,10.264227896467698,,,6.458998198865708,,,0.0,,,,,,,,0.0,,4.96921177879121,,,,,,,,,,8.364480681578453,,,4.306135258436866,0.0,,,0.0,,,,,,,,,0.0,,,,,,,,,4.39016893654157,,,,,,,,0.0,,4.153453711720496,6.111654331153608,5.478070154289215,,,,,8.364480681578453,,,,,,4.224008149292806,,0.0,,,,,0.0,,,0.0,,,,,0.0,,,0.0,7.134220586183886,,,,,,,,,,,,,9.272948151106249,0.0,0.0,,,,0.0,4.306135258436866,,0.0,4.224008149292806,0.0,,,,,,0.0,,,10.264227896467698,,0.0,,,,,,,,11.128490477670148,8.533078849842289,0.0,,0.0,,4.96921177879121,,,4.153453711720496,0.0,,9.272948151106249,,11.128490477670148,
67,,0.0,,,0.0,,,,,6.111654331153608,,0.0,10.925358268576911,,8.533078849842289,0.0,,,11.777919007789142,0.0,6.458998198865708,,0.0,,5.478070154289215,,7.134220586183886,0.0,0.0,0.0,,,,,,,,,,,,,,,,,11.777919007789142,,,,,,,,,8.63260406987797,,,,0.0,0.0,0.0,,,,0.0,,,4.39016893654157,,0.0,,,10.264227896467698,,,6.458998198865708,,,0.0,,,,,,,,10.237173147047809,,4.96921177879121,,,,,,,,,,8.364480681578453,,,4.306135258436866,0.0,,,0.0,,,,,,,,,0.0,,,,,,,,,4.39016893654157,,,,,,,,0.0,,4.153453711720496,6.111654331153608,5.478070154289215,,,,,8.364480681578453,,,,,,4.224008149292806,,0.0,,,,8.63260406987797,0.0,,,0.0,,,,,0.0,,,0.0,7.134220586183886,,,,,,,,,,,,,9.272948151106249,10.925358268576911,0.0,,,,10.237173147047809,4.306135258436866,,0.0,4.224008149292806,0.0,,,,,,0.0,,,10.264227896467698,,0.0,,,,,,,,11.128490477670148,8.533078849842289,0.0,,0.0,,4.96921177879121,,,4.153453711720496,0.0,,9.272948151106249,,11.128490477670148,
68,,0.0,,,0.0,,,,,6.111654331153608,,0.0,10.925358268576911,,8.533078849842289,0.0,,,11.777919007789142,0.0,6.458998198865708,,0.0,,5.478070154289215,,7.134220586183886,0.0,0.0,0.0,,,,,,,,,,,,,,,,,11.777919007789142,,,,,,,,,8.63260406987797,,,,0.0,0.0,0.0,,,,0.0,,,4.39016893654157,,0.0,,,10.264227896467698,,,6.458998198865708,,,0.0,,,,,,,,10.237173147047809,,4.96921177879121,,,,,,,,,,8.364480681578453,,,4.306135258436866,0.0,,,0.0,,,,,,,,,0.0,,,,,,,,,4.39016893654157,,,,,,,,0.0,,4.153453711720496,6.111654331153608,5.478070154289215,,,,,8.364480681578453,,,,,,4.224008149292806,,0.0,,,,8.63260406987797,0.0,,,0.0,,,,,0.0,,,0.0,7.134220586183886,,,,,,,,,,,,,9.272948151106249,10.925358268576911,0.0,,,,10.237173147047809,4.306135258436866,,0.0,4.224008149292806,0.0,,,,,,0.0,,,10.264227896467698,,0.0,,,,,,,,11.128490477670148,8.533078849842289,0.0,,0.0,,4.96921177879121,,,4.153453711720496,0.0,,9.272948151106249,,11.128490477670148,
69,,0.0,,,0.0,,,,,6.111654331153608,,0.0,10.925358268576911,,8.533078849842289,0.0,,,11.777919007789142,0.0,6.458998198865708,,0.0,,5.478070154289215,,7.134220586183886,0.0,0.0,0.0,,,,,,,,,,,,,,,,,11.777919007789142,,,,,,,,,,,,,0.0,0.0,0.0,,,,0.0,,,4.39016893654157,,0.0,,,10.264227896467698,,,6.458998198865708,,,0.0,,,,,,,,10.237173147047809,,4.96921177879121,,,,,,,,,,8.364480681578453,,,4.306135258436866,0.0,,,0.0,,,,,,,,,0.0,,,,,,,,,4.39016893654157,,,,,,,,0.0,,4.153453711720496,6.111654331153608,5.478070154289215,,,,,8.364480681578453,,,,,,4.224008149292806,,0.0,,,,,0.0,,,0.0,,,,,0.0,,,0.0,7.134220586183886,,,,,,,,,,,,,9.272948151106249,10.925358268576911,0.0,,,,10.237173147047809,4.306135258436866,,0.0,4.224008149292806,0.0,,,,,,0.0,,,10.264227896467698,,0.0,,,,,,,,11.128490477670148,8.533078849842289,0.0,,0.0,,4.96921177879121,,,4.153453711720496,0.0,,9.272948151106249,,11.128490477670148,
70,,0.0,,,0.0,,,,,6.111654331153608,,0.0,10.925358268576911,,8.533078849842289,0.0,,,11.777919007789142,0.0,6.458998198865708,,0.0,,5.478070154289215,,7.134220586183886,0.0,0.0,0.0,,,,,,,,,,,,,,,,,11.777919007789142,,,,,,,,,8.63260406987797,,,,0.0,0.0,0.0,,,,0.0,,,4.39016893654157,,0.0,,,10.264227896467698,,,6.458998198865708,,,0.0,,,,,,,,10.237173147047809,,4.96921177879121,,,,,,,,,,8.364480681578453,,,4.306135258436866,0.0,,,0.0,,,,,,,,,0.0,,,,,,,,,4.39016893654157,,,,,,,,0.0,,4.153453711720496,6.111654331153608,5.478070154289215,,,,,8.364480681578453,,,,,,4.224008149292806,,0.0,,,,8.63260406987797,0.0,,,0.0,,,,,0.0,,,0.0,7.134220586183886,,,,,,,,,,,,,9.272948151106249,10.925358268576911,0.0,,,,10.237173147047809,4.306135258436866,,0.0,4.224008149292806,0.0,,,,,,0.0,,,10.264227896467698,,0.0,,,,,,,,11.128490477670148,8.533078849842289,0.0,,0.0,,4.96921177879121,,,4.153453711720496,0.0,,9.272948151106249,,11.128490477670148,
71,,0.0,,,0.0,,,,,6.111654331153608,,0.0,10.925358268576911,,8.533078849842289,0.0,,,11.777919007789142,0.0,6.458998198865708,,0.0,,5.478070154289215,,7.134220586183886,0.0,0.0,0.0,,,,,,,,,,,,,,,,,11.777919007789142,,,,,,,,,8.63260406987797,,,,0.0,0.0,0.0,,,,0.0,,,4.39016893654157,,0.0,,,10.264227896467698,,,6.458998198865708,,,0.0,,,,,,,,10.237173147047809,,4.96921177879121,,,,,,,,,,8.364480681578453,,,4.306135258436866,0.0,,,0.0,,,,,,,,,0.0,,,,,,,,,4.39016893654157,,,,,,,,0.0,,4.153453711720496,6.111654331153608,5.478070154289215,,,,,8.364480681578453,,,,,,4.224008149292806,,0.0,,,,8.63260406987797,0.0,,,0.0,,,,,0.0,,,0.0,7.134220586183886,,,,,,,,,,,,,9.272948151106249,10.925358268576911,0.0,,,,10.237173147047809,4.306135258436866,,0.0,4.224008149292806,0.0,,,,,,0.0,,,10.264227896467698,,0.0,,,,,,,,11.128490477670148,8.533078849842289,0.0,,0.0,,4.96921177879121,,,4.153453711720496,0.0,,9.272948151106249,,11.128490477670148,
72,,0.0,,,0.0,,,,,6.111654331153608,,0.0,10.925358268576911,,8.533078849842289,0.0,,,11.777919007789142,0.0,6.458998198865708,,0.0,,5.478070154289215,,7.134220586183886,0.0,0.0,0.0,,,,,,,,,,,,,,,,,11.777919007789142,,,,,,,,,8.63260406987797,,,,0.0,0.0,0.0,,,,0.0,,,4.39016893654157,,0.0,,,10.264227896467698,,,6.458998198865708,,,0.0,,,,,,,,10.237173147047809,,4.96921177879121,,,,,,,,,,8.364480681578453,,,4.306135258436866,0.0,,,0.0,,,,,,,,,0.0,,,,,,,,,4.39016893654157,,,,,,,,0.0,,4.153453711720496,6.111654331153608,5.478070154289215,,,,,8.364480681578453,,,,,,4.224008149292806,,0.0,,,,8.63260406987797,0.0,,,0.0,,,,,0.0,,,0.0,7.134220586183886,,,,,,,,,,,,,9.272948151106249,10.925358268576911,0.0,,,,10.237173147047809,4.306135258436866,,0.0,4.224008149292806,0.0,,,,,,0.0,,,10.264227896467698,,0.0,,,,,,,,11.128490477670148,8.533078849842289,0.0,,0.0,,4.96921177879121,,,4.153453711720496,0.0,,9.272948151106249,,11.128490477670148,
73,,0.0,,,0.0,,,,,6.111654331153608,,0.0,10.925358268576911,,8.533078849842289,0.0,,,11.777919007789142,0.0,6.458998198865708,,0.0,,5.478070154289215,,7.134220586183886,0.0,0.0,0.0,,,,,,,,,,,,,,,,,11.777919007789142,,,,,,,,,8.63260406987797,,,,0.0,0.0,0.0,,,,0.0,,,4.39016893654157,,0.0,,,10.264227896467698,,,6.458998198865708,,,0.0,,,,,,,,10.237173147047809,,4.96921177879121,,,,,,,,,,8.364480681578453,,,4.306135258436866,0.0,,,0.0,,,,,,,,,0.0,,,,,,,,,4.39016893654157,,,,,,,,0.0,,4.153453711720496,6.111654331153608,5.478070154289215,,,,,8.364480681578453,,,,,,4.224008149292806,,0.0,,,,8.63260406987797,0.0,,,0.0,,,,,0.0,,,0.0,7.134220586183886,,,,,,,,,,,,,9.272948151106249,10.925358268576911,0.0,,,,10.237173147047809,4.306135258436866,,0.0,4.224008149292806,0.0,,,,,,0.0,,,10.264227896467698,,0.0,,,,,,,,11.128490477670148,8.533078849842289,0.0,,0.0,,4.96921177879121,,,4.153453711720496,0.0,,9.272948151106249,,11.128490477670148,
74,,0.0,,,0.0,,,,,6.111654331153608,,0.0,10.925358268576911,,8.533078849842289,0.0,,,11.777919007789142,0.0,6.458998198865708,,0.0,,5.478070154289215,,7.134220586183886,0.0,0.0,0.0,,,,,,,,,,,,,,,,,11.777919007789142,,,,,,,,,8.63260406987797,,,,0.0,0.0,0.0,,,,0.0,,,4.39016893654157,,0.0,,,10.264227896467698,,,6.458998198865708,,,0.0,,,,,,,,10.237173147047809,,4.96921177879121,,,,,,,,,,8.364480681578453,,,4.306135258436866,0.0,,,0.0,,,,,,,,,0.0,,,,,,,,,4.39016893654157,,,,,,,,0.0,,4.153453711720496,6.111654331153608,5.478070154289215,,,,,8.364480681578453,,,,,,4.224008149292806,,0.0,,,,8.63260406987797,0.0,,,0.0,,,,,0.0,,,0.0,7.134220586183886,,,,,,,,,,,,,9.272948151106249,10.925358268576911,0.0,,,,10.237173147047809,4.306135258436866,,0.0,4.224008149292806,0.0,,,,,,0.0,,,10.264227896467698,,0.0,,,,,,,,11.128490477670148,8.533078849842289,0.0,,0.0,,4.96921177879121,,,4.153453711720496,0.0,,9.272948151106249,,11.128490477670148,
75,,0.0,,,0.0,,,,,6.111654331153608,,0.0,10.925358268576911,,8.533078849842289,0.0,,,11.777919007789142,0.0,6.458998198865708,,0.0,,5.478070154289215,,7.134220586183886,0.0,0.0,0.0,,,,,,,,,,,,,,,,,11.777919007789142,,,,,,,,,8.63260406987797,,,,0.0,0.0,0.0,,,,0.0,,,4.39016893654157,,0.0,,,10.264227896467698,,,6.458998198865708,,,0.0,,,,,,,,10.237173147047809,,4.96921177879121,,,,,,,,,,8.364480681578453,,,4.306135258436866,0.0,,,0.0,,,,,,,,,0.0,,,,,,,,,4.39016893654157,,,,,,,,0.0,,4.153453711720496,6.111654331153608,5.478070154289215,,,,,8.364480681578453,,,,,,4.224008149292806,,0.0,,,,8.63260406987797,0.0,,,0.0,,,,,0.0,,,0.0,7.134220586183886,,,,,,,,,,,,,9.272948151106249,10.925358268576911,0.0,,,,10.237173147047809,4.306135258436866,,0.0,4.224008149292806,0.0,,,,,,0.0,,,10.264227896467698,,0.0,,,,,,,,11.128490477670148,8.533078849842289,0.0,,0.0,,4.96921177879121,,,4.153453711720496,0.0,,9.272948151106249,,11.128490477670148,
76,,0.0,,,0.0,,,,,6.111654331153608,,0.0,10.925358268576911,,8.533078849842289,0.0,,,11.777919007789142,0.0,6.458998198865708,,11.156318526116912,,5.478070154289215,,7.134220586183886,0.0,0.0,0.0,,,,,,,,,,,,,,,,,11.777919007789142,,,,,,,,,8.63260406987797,,,,0.0,0.0,0.0,,,,0.0,,,4.39016893654157,,0.0,,,10.264227896467698,,,6.458998198865708,,,0.0,,,,,,,,10.237173147047809,,4.96921177879121,,,,,,,,,,8.364480681578453,,,4.306135258436866,0.0,,,11.156318526116912,,,,,,,,,0.0,,,,,,,,,4.39016893654157,,,,,,,,0.0,,4.153453711720496,6.111654331153608,5.478070154289215,,,,,8.364480681578453,,,,,,4.224008149292806,,0.0,,,,8.63260406987797,0.0,,,0.0,,,,,0.0,,,0.0,7.134220586183886,,,,,,,,,,,,,9.272948151106249,10.925358268576911,0.0,,,,10.237173147047809,4.306135258436866,,0.0,4.224008149292806,0.0,,,,,,0.0,,,10.264227896467698,,0.0,,,,,,,,11.128490477670148,8.533078849842289,0.0,,0.0,,4.96921177879121,,,4.153453711720496,0.0,,9.272948151106249,,11.128490477670148,
77,,0.0,,,0.0,,,,,6.111654331153608,,0.0,10.925358268576911,,8.533078849842289,0.0,,,11.777919007789142,0.0,6.458998198865708,,11.156318526116912,,5.478070154289215,,7.134220586183886,0.0,0.0,0.0,,,,,,,,,,,,,,,,,11.777919007789142,,,,,,,,,8.63260406987797,,,,0.0,0.0,0.0,,,,0.0,,,4.39016893654157,,0.0,,,10.264227896467698,,,6.458998198865708,,,0.0,,,,,,,,10.237173147047809,,4.96921177879121,,,,,,,,,,8.364480681578453,,,4.306135258436866,0.0,,,11.156318526116912,,,,,,,,,0.0,,,,,,,,,4.39016893654157,,,,,,,,0.0,,4.153453711720496,6.111654331153608,5.478070154289215,,,,,8.364480681578453,,,,,,4.224008149292806,,0.0,,,,8.63260406987797,0.0,,,0.0,,,,,0.0,,,0.0,7.134220586183886,,,,,,,,,,,,,9.272948151106249,10.925358268576911,0.0,,,,10.237173147047809,4.306135258436866,,0.0,4.224008149292806,0.0,,,,,,0.0,,,10.264227896467698,,0.0,,,,,,,,11.128490477670148,8.533078849842289,0.0,,0.0,,4.96921177879121,,,4.153453711720496,0.0,,9.272948151106249,,11.128490477670148,
78,,0.0,,,0.0,,,,,6.111654331153608,,0.0,10.925358268576911,,8.533078849842289,0.0,,,11.777919007789142,0.0,6.458998198865708,,11.156318526116912,,5.478070154289215,,7.134220586183886,0.0,0.0,0.0,,,,,,,,,,,,,,,,,11.777919007789142,,,,,,,,,8.63260406987797,,,,0.0,0.0,0.0,,,,0.0,,,4.39016893654157,,0.0,,,10.264227896467698,,,6.458998198865708,,,0.0,,,,,,,,10.237173147047809,,4.96921177879121,,,,,,,,,,8.364480681578453,,,4.306135258436866,0.0,,,11.156318526116912,,,,,,,,,0.0,,,,,,,,,4.39016893654157,,,,,,,,0.0,,4.153453711720496,6.111654331153608,5.478070154289215,,,,,8.364480681578453,,,,,,4.224008149292806,,0.0,,,,8.63260406987797,0.0,,,0.0,,,,,0.0,,,0.0,7.134220586183886,,,,,,,,,,,,,9.272948151106249,10.925358268576911,0.0,,,,10.237173147047809,4.306135258436866,,0.0,4.224008149292806,0.0,,,,,,0.0,,,10.264227896467698,,0.0,,,,,,,,11.128490477670148,8.533078849842289,0.0,,0.0,,4.96921177879121,,,4.153453711720496,0.0,,9.272948151106249,,11.128490477670148,
79,,0.0,,,0.0,,,,,6.111654331153608,,0.0,10.925358268576911,,8.533078849842289,0.0,,,11.777919007789142,0.0,6.458998198865708,,11.156318526116912,,5.478070154289215,,7.134220586183886,0.0,0.0,0.0,,,,,,,,,,,,,,,,,11.777919007789142,,,,,,,,,8.63260406987797,,,,5.01296700654409,0.0,0.0,,,,0.0,,,4.39016893654157,,0.0,,,10.264227896467698,,,6.458998198865708,,,0.0,,,,,,,,10.237173147047809,,4.96921177879121,,,,,,,,,,8.364480681578453,,,4.306135258436866,0.0,,,11.156318526116912,,,,,,,,,0.0,,,,,,,,,4.39016893654157,,,,,,,,0.0,,4.153453711720496,6.111654331153608,5.478070154289215,,,,,8.364480681578453,,,,,,4.224008149292806,,0.0,,,,8.63260406987797,0.0,,,0.0,,,,,0.0,,,0.0,7.134220586183886,,,,,,,,,,,,,9.272948151106249,10.925358268576911,0.0,,,,10.237173147047809,4.306135258436866,,0.0,4.224008149292806,0.0,,,,,,0.0,,,10.264227896467698,,0.0,,,,,,,,11.128490477670148,8.533078849842289,0.0,,5.01296700654409,,4.96921177879121,,,4.153453711720496,0.0,,9.272948151106249,,11.128490477670148,
80,,0.0,,,0.0,,,,,6.111654331153608,,0.0,10.925358268576911,,8.533078849842289,0.0,,,11.777919007789142,0.0,6.458998198865708,,11.156318526116912,,5.478070154289215,,7.134220586183886,0.0,0.0,0.0,,,,,,,,,,,,,,,,,11.777919007789142,,,,,,,,,8.63260406987797,,,,5.01296700654409,0.0,0.0,,,,0.0,,,4.39016893654157,,0.0,,,10.264227896467698,,,6.458998198865708,,,0.0,,,,,,,,10.237173147047809,,4.96921177879121,,,,,,,,,,8.364480681578453,,,4.306135258436866,0.0,,,11.156318526116912,,,,,,,,,0.0,,,,,,,,,4.39016893654157,,,,,,,,5.971095589122942,,4.153453711720496,6.111654331153608,5.478070154289215,,,,,8.364480681578453,,,,,,4.224008149292806,,0.0,,,,8.63260406987797,0.0,,,0.0,,,,,0.0,,,0.0,7.134220586183886,,,,,,,,,,,,,9.272948151106249,10.925358268576911,0.0,,,,10.237173147047809,4.306135258436866,,5.971095589122942,4.224008149292806,0.0,,,,,,0.0,,,10.264227896467698,,0.0,,,,,,,,11.128490477670148,8.533078849842289,0.0,,5.01296700654409,,4.96921177879121,,,4.153453711720496,0.0,,9.272948151106249,,11.128490477670148,
81,,0.0,,,0.0,,,,,6.111654331153608,,0.0,10.925358268576911,,8.533078849842289,0.0,,,11.777919007789142,7.74834344592649,6.458998198865708,,11.156318526116912,,5.478070154289215,,7.134220586183886,0.0,0.0,0.0,,,,,,,,,,,,,,,,,11.777919007789142,,,,,,,,,8.63260406987797,,,,5.01296700654409,0.0,7.74834344592649,,,,0.0,,,4.39016893654157,,0.0,,,10.264227896467698,,,6.458998198865708,,,0.0,,,,,,,,10.237173147047809,,4.96921177879121,,,,,,,,,,8.364480681578453,,,4.306135258436866,0.0,,,11.156318526116912,,,,,,,,,0.0,,,,,,,,,4.39016893654157,,,,,,,,5.971095589122942,,4.153453711720496,6.111654331153608,5.478070154289215,,,,,8.364480681578453,,,,,,4.224008149292806,,0.0,,,,8.63260406987797,0.0,,,0.0,,,,,0.0,,,0.0,7.134220586183886,,,,,,,,,,,,,9.272948151106249,10.925358268576911,0.0,,,,10.237173147047809,4.306135258436866,,5.971095589122942,4.224008149292806,0.0,,,,,,0.0,,,10.264227896467698,,0.0,,,,,,,,11.128490477670148,8.533078849842289,0.0,,5.01296700654409,,4.96921177879121,,,4.153453711720496,0.0,,9.272948151106249,,11.128490477670148,
82,,0.0,,,0.0,,,,,6.111654331153608,,0.0,10.925358268576911,,8.533078849842289,0.0,,,11.777919007789142,7.74834344592649,6.458998198865708,,11.156318526116912,,5.478070154289215,,7.134220586183886,0.0,0.0,0.0,,,,,,,,,,,,,,,,,11.777919007789142,,,,,,,,,8.63260406987797,,,,5.01296700654409,0.0,7.74834344592649,,,,0.0,,,4.39016893654157,,0.0,,,10.264227896467698,,,6.458998198865708,,,0.0,,,,,,,,10.237173147047809,,4.96921177879121,,,,,,,,,,8.364480681578453,,,4.306135258436866,0.0,,,11.156318526116912,,,,,,,,,0.0,,,,,,,,,4.39016893654157,,,,,,,,5.971095589122942,,4.153453711720496,6.111654331153608,5.478070154289215,,,,,8.364480681578453,,,,,,4.224008149292806,,0.0,,,,8.63260406987797,0.0,,,0.0,,,,,0.0,,,0.0,7.134220586183886,,,,,,,,,,,,,9.272948151106249,10.925358268576911,0.0,,,,10.237173147047809,4.306135258436866,,5.971095589122942,4.224008149292806,0.0,,,,,,0.0,,,10.264227896467698,,0.0,,,,,,,,11.128490477670148,8.533078849842289,0.0,,5.01296700654409,,4.96921177879121,,,4.153453711720496,0.0,,9.272948151106249,,11.128490477670148,
83,,0.0,,,0.0,,,,,6.111654331153608,,0.0,10.925358268576911,,8.533078849842289,0.0,,,11.777919007789142,7.74834344592649,6.458998198865708,,11.156318526116912,,5.478070154289215,,7.134220586183886,0.0,0.0,0.0,,,,,,,,,,,,,,,,,11.777919007789142,,,,,,,,,8.63260406987797,,,,5.01296700654409,0.0,7.74834344592649,,,,0.0,,,4.39016893654157,,0.0,,,10.264227896467698,,,6.458998198865708,,,0.0,,,,,,,,10.237173147047809,,4.96921177879121,,,,,,,,,,8.364480681578453,,,4.306135258436866,,,,11.156318526116912,,,,,,,,,6.265378882082749,,,,,,,,,4.39016893654157,,,,,,,,5.971095589122942,,4.153453711720496,6.111654331153608,5.478070154289215,,,,,8.364480681578453,,,,,,4.224008149292806,,0.0,,,,8.63260406987797,0.0,,,6.265378882082749,,,,,0.0,,,0.0,7.134220586183886,,,,,,,,,,,,,9.272948151106249,10.925358268576911,0.0,,,,10.237173147047809,4.306135258436866,,5.971095589122942,4.224008149292806,0.0,,,,,,0.0,,,10.264227896467698,,,,,,,,,,11.128490477670148,8.533078849842289,0.0,,5.01296700654409,,4.96921177879121,,,4.153453711720496,0.0,,9.272948151106249,,11.128490477670148,
84,,0.0,,,0.0,,,,,6.111654331153608,,0.0,10.925358268576911,,8.533078849842289,0.0,,,11.777919007789142,7.74834344592649,6.458998198865708,,11.156318526116912,,5.478070154289215,,7.134220586183886,0.0,0.0,0.0,,,,,,,,,,,,,,,,,11.777919007789142,,,,,,,,,8.63260406987797,,,,5.01296700654409,0.0,7.74834344592649,,,,0.0,,,4.39016893654157,,0.0,,,10.264227896467698,,,6.458998198865708,,,0.0,,,,,,,,10.237173147047809,,4.96921177879121,,,,,,,,,,8.364480681578453,,,4.306135258436866,0.0,,,11.156318526116912,,,,,,,,,6.265378882082749,,,,,,,,,4.39016893654157,,,,,,,,5.971095589122942,,4.153453711720496,6.111654331153608,5.478070154289215,,,,,8.364480681578453,,,,,,4.224008149292806,,0.0,,,,8.63260406987797,0.0,,,6.265378882082749,,,,,0.0,,,0.0,7.134220586183886,,,,,,,,,,,,,9.272948151106249,10.925358268576911,0.0,,,,10.237173147047809,4.306135258436866,,5.971095589122942,4.224008149292806,0.0,,,,,,0.0,,,10.264227896467698,,0.0,,,,,,,,11.128490477670148,8.533078849842289,0.0,,5.01296700654409,,4.96921177879121,,,4.153453711720496,0.0,,9.272948151106249,,11.128490477670148,
85,,0.0,,,0.0,,,,,6.111654331153608,,0.0,10.925358268576911,,8.533078849842289,0.0,,,11.777919007789142,7.74834344592649,6.458998198865708,,11.156318526116912,,5.478070154289215,,7.134220586183886,0.0,0.0,0.0,,,,,,,,,,,,,,,,,11.777919007789142,,,,,,,,,8.63260406987797,,,,5.01296700654409,0.0,7.74834344592649,,,,0.0,,,4.39016893654157,,0.0,,,10.264227896467698,,,6.458998198865708,,,0.0,,,,,,,,10.237173147047809,,4.96921177879121,,,,,,,,,,8.364480681578453,,,4.306135258436866,0.0,,,11.156318526116912,,,,,,,,,6.265378882082749,,,,,,,,,4.39016893654157,,,,,,,,5.971095589122942,,4.153453711720496,6.111654331153608,5.478070154289215,,,,,8.364480681578453,,,,,,4.224008149292806,,0.0,,,,8.63260406987797,0.0,,,6.265378882082749,,,,,0.0,,,0.0,7.134220586183886,,,,,,,,,,,,,9.272948151106249,10.925358268576911,0.0,,,,10.237173147047809,4.306135258436866,,5.971095589122942,4.224008149292806,0.0,,,,,,0.0,,,10.264227896467698,,0.0,,,,,,,,11.128490477670148,8.533078849842289,0.0,,5.01296700654409,,4.96921177879121,,,4.153453711720496,0.0,,9.272948151106249,,11.128490477670148,
86,,0.0,,,0.0,,,,,6.111654331153608,,0.0,10.925358268576911,,8.533078849842289,0.0,,,11.777919007789142,7.74834344592649,6.458998198865708,,11.156318526116912,,5.478070154289215,,7.134220586183886,0.0,0.0,0.0,,,,,,,,,,,,,,,,,11.777919007789142,,,,,,,,,8.63260406987797,,,,5.01296700654409,0.0,7.74834344592649,,,,0.0,,,4.39016893654157,,0.0,,,10.264227896467698,,,6.458998198865708,,,0.0,,,,,,,,10.237173147047809,,4.96921177879121,,,,,,,,,,8.364480681578453,,,4.306135258436866,0.0,,,11.156318526116912,,,,,,,,,6.265378882082749,,,,,,,,,4.39016893654157,,,,,,,,5.971095589122942,,4.153453711720496,6.111654331153608,5.478070154289215,,,,,8.364480681578453,,,,,,4.224008149292806,,0.0,,,,8.63260406987797,0.0,,,6.265378882082749,,,,,0.0,,,0.0,7.134220586183886,,,,,,,,,,,,,9.272948151106249,10.925358268576911,0.0,,,,10.237173147047809,4.306135258436866,,5.971095589122942,4.224008149292806,0.0,,,,,,0.0,,,10.264227896467698,,0.0,,,,,,,,11.128490477670148,8.533078849842289,0.0,,5.01296700654409,,4.96921177879121,,,4.153453711720496,0.0,,9.272948151106249,,11.128490477670148,
87,,0.0,,,0.0,,,,,6.111654331153608,,0.0,10.925358268576911,,8.533078849842289,0.0,,,11.777919007789142,7.74834344592649,6.458998198865708,,11.156318526116912,,5.478070154289215,,7.134220586183886,0.0,0.0,0.0,,,,,,,,,,,,,,,,,11.777919007789142,,,,,,,,,8.63260406987797,,,,5.01296700654409,0.0,7.74834344592649,,,,0.0,,,4.39016893654157,,0.0,,,10.264227896467698,,,6.458998198865708,,,0.0,,,,,,,,10.237173147047809,,4.96921177879121,,,,,,,,,,8.364480681578453,,,4.306135258436866,0.0,,,11.156318526116912,,,,,,,,,6.265378882082749,,,,,,,,,4.39016893654157,,,,,,,,5.971095589122942,,4.153453711720496,6.111654331153608,5.478070154289215,,,,,8.364480681578453,,,,,,4.224008149292806,,0.0,,,,8.63260406987797,0.0,,,6.265378882082749,,,,,0.0,,,0.0,7.134220586183886,,,,,,,,,,,,,9.272948151106249,10.925358268576911,0.0,,,,10.237173147047809,4.306135258436866,,5.971095589122942,4.224008149292806,0.0,,,,,,0.0,,,10.264227896467698,,0.0,,,,,,,,11.128490477670148,8.533078849842289,0.0,,5.01296700654409,,4.96921177879121,,,4.153453711720496,0.0,,9.272948151106249,,11.128490477670148,
88,,0.0,,,0.0,,,,,6.111654331153608,,0.0,10.925358268576911,,8.533078849842289,0.0,,,11.777919007789142,7.74834344592649,6.458998198865708,,11.156318526116912,,5.478070154289215,,7.134220586183886,0.0,0.0,0.0,,,,,,,,,,,,,,,,,11.777919007789142,,,,,,,,,8.63260406987797,,,,5.01296700654409,0.0,7.74834344592649,,,,0.0,,,4.39016893654157,,0.0,,,10.264227896467698,,,6.458998198865708,,,0.0,,,,,,,,10.237173147047809,,4.96921177879121,,,,,,,,,,8.364480681578453,,,4.306135258436866,0.0,,,11.156318526116912,,,,,,,,,6.265378882082749,,,,,,,,,4.39016893654157,,,,,,,,5.971095589122942,,4.153453711720496,6.111654331153608,5.478070154289215,,,,,8.364480681578453,,,,,,4.224008149292806,,0.0,,,,8.63260406987797,0.0,,,6.265378882082749,,,,,0.0,,,0.0,7.134220586183886,,,,,,,,,,,,,9.272948151106249,10.925358268576911,0.0,,,,10.237173147047809,4.306135258436866,,5.971095589122942,4.224008149292806,0.0,,,,,,0.0,,,10.264227896467698,,0.0,,,,,,,,11.128490477670148,8.533078849842289,0.0,,5.01296700654409,,4.96921177879121,,,4.153453711720496,0.0,,9.272948151106249,,11.128490477670148,
89,,0.0,,,0.0,,,,,6.111654331153608,,0.0,10.925358268576911,,8.533078849842289,0.0,,,11.777919007789142,7.74834344592649,6.458998198865708,,11.156318526116912,,5.478070154289215,,7.134220586183886,0.0,0.0,0.0,,,,,,,,,,,,,,,,,11.777919007789142,,,,,,,,,8.63260406987797,,,,5.01296700654409,0.0,7.74834344592649,,,,0.0,,,4.39016893654157,,0.0,,,10.264227896467698,,,6.458998198865708,,,0.0,,,,,,,,10.237173147047809,,4.96921177879121,,,,,,,,,,8.364480681578453,,,4.306135258436866,0.0,,,11.156318526116912,,,,,,,,,6.265378882082749,,,,,,,,,4.39016893654157,,,,,,,,5.971095589122942,,4.153453711720496,6.111654331153608,5.478070154289215,,,,,8.364480681578453,,,,,,4.224008149292806,,0.0,,,,8.63260406987797,0.0,,,6.265378882082749,,,,,0.0,,,0.0,7.134220586183886,,,,,,,,,,,,,9.272948151106249,10.925358268576911,0.0,,,,10.237173147047809,4.306135258436866,,5.971095589122942,4.224008149292806,0.0,,,,,,0.0,,,10.264227896467698,,0.0,,,,,,,,11.128490477670148,8.533078849842289,0.0,,5.01296700654409,,4.96921177879121,,,4.153453711720496,0.0,,9.272948151106249,,11.128490477670148,
90,,0.0,,,0.0,,,,,6.111654331153608,,0.0,10.925358268576911,,8.533078849842289,0.0,,,11.777919007789142,7.74834344592649,6.458998198865708,,11.156318526116912,,5.478070154289215,,7.134220586183886,0.0,0.0,0.0,,,,,,,,,,,,,,,,,11.777919007789142,,,,,,,,,8.63260406987797,,,,5.01296700654409,0.0,7.74834344592649,,,,0.0,,,4.39016893654157,,0.0,,,10.264227896467698,,,6.458998198865708,,,0.0,,,,,,,,10.237173147047809,,4.96921177879121,,,,,,,,,,8.364480681578453,,,4.306135258436866,0.0,,,11.156318526116912,,,,,,,,,6.265378882082749,,,,,,,,,4.39016893654157,,,,,,,,5.971095589122942,,4.153453711720496,6.111654331153608,5.478070154289215,,,,,8.364480681578453,,,,,,4.224008149292806,,0.0,,,,8.63260406987797,0.0,,,6.265378882082749,,,,,8.632909470754445,,,0.0,7.134220586183886,,,,,,,,,,,,,9.272948151106249,10.925358268576911,0.0,,,,10.237173147047809,4.306135258436866,,5.971095589122942,4.224008149292806,8.632909470754445,,,,,,0.0,,,10.264227896467698,,0.0,,,,,,,,11.128490477670148,8.533078849842289,0.0,,5.01296700654409,,4.96921177879121,,,4.153453711720496,0.0,,9.272948151106249,,11.128490477670148,
91,,0.0,,,0.0,,,,,6.111654331153608,,0.0,10.925358268576911,,8.533078849842289,0.0,,,11.777919007789142,7.74834344592649,6.458998198865708,,11.156318526116912,,5.478070154289215,,7.134220586183886,0.0,0.0,0.0,,,,,,,,,,,,,,,,,11.777919007789142,,,,,,,,,8.63260406987797,,,,5.01296700654409,0.0,7.74834344592649,,,,0.0,,,4.39016893654157,,0.0,,,10.264227896467698,,,6.458998198865708,,,0.0,,,,,,,,10.237173147047809,,4.96921177879121,,,,,,,,,,8.364480681578453,,,4.306135258436866,0.0,,,11.156318526116912,,,,,,,,,6.265378882082749,,,,,,,,,4.39016893654157,,,,,,,,5.971095589122942,,4.153453711720496,6.111654331153608,5.478070154289215,,,,,8.364480681578453,,,,,,4.224008149292806,,0.0,,,,8.63260406987797,0.0,,,6.265378882082749,,,,,8.632909470754445,,,0.0,7.134220586183886,,,,,,,,,,,,,9.272948151106249,10.925358268576911,0.0,,,,10.237173147047809,4.306135258436866,,5.971095589122942,4.224008149292806,8.632909470754445,,,,,,0.0,,,10.264227896467698,,0.0,,,,,,,,11.128490477670148,8.533078849842289,0.0,,5.01296700654409,,4.96921177879121,,,4.153453711720496,0.0,,9.272948151106249,,11.128490477670148,
92,,0.0,,,0.0,,,,,6.111654331153608,,0.0,10.925358268576911,,8.533078849842289,0.0,,,11.777919007789142,7.74834344592649,6.458998198865708,,11.156318526116912,,5.478070154289215,,7.134220586183886,0.0,0.0,0.0,,,,,,,,,,,,,,,,,11.777919007789142,,,,,,,,,8.63260406987797,,,,5.01296700654409,0.0,7.74834344592649,,,,0.0,,,4.39016893654157,,0.0,,,10.264227896467698,,,6.458998198865708,,,0.0,,,,,,,,10.237173147047809,,4.96921177879121,,,,,,,,,,8.364480681578453,,,4.306135258436866,0.0,,,11.156318526116912,,,,,,,,,6.265378882082749,,,,,,,,,4.39016893654157,,,,,,,,5.971095589122942,,4.153453711720496,6.111654331153608,5.478070154289215,,,,,8.364480681578453,,,,,,4.224008149292806,,0.0,,,,8.63260406987797,0.0,,,6.265378882082749,,,,,,,,0.0,7.134220586183886,,,,,,,,,,,,,9.272948151106249,10.925358268576911,0.0,,,,10.237173147047809,4.306135258436866,,5.971095589122942,4.224008149292806,,,,,,,0.0,,,10.264227896467698,,0.0,,,,,,,,11.128490477670148,8.533078849842289,0.0,,5.01296700654409,,4.96921177879121,,,4.153453711720496,0.0,,9.272948151106249,,11.128490477670148,
93,,0.0,,,0.0,,,,,6.111654331153608,,0.0,10.925358268576911,,8.533078849842289,0.0,,,11.777919007789142,7.74834344592649,6.458998198865708,,11.156318526116912,,5.478070154289215,,7.134220586183886,0.0,0.0,0.0,,,,,,,,,,,,,,,,,11.777919007789142,,,,,,,,,8.63260406987797,,,,5.01296700654409,0.0,7.74834344592649,,,,0.0,,,4.39016893654157,,0.0,,,10.264227896467698,,,6.458998198865708,,,0.0,,,,,,,,10.237173147047809,,4.96921177879121,,,,,,,,,,8.364480681578453,,,4.306135258436866,0.0,,,11.156318526116912,,,,,,,,,6.265378882082749,,,,,,,,,4.39016893654157,,,,,,,,5.971095589122942,,4.153453711720496,6.111654331153608,5.478070154289215,,,,,8.364480681578453,,,,,,4.224008149292806,,0.0,,,,8.63260406987797,0.0,,,6.265378882082749,,,,,8.632909470754445,,,0.0,7.134220586183886,,,,,,,,,,,,,9.272948151106249,10.925358268576911,0.0,,,,10.237173147047809,4.306135258436866,,5.971095589122942,4.224008149292806,8.632909470754445,,,,,,0.0,,,10.264227896467698,,0.0,,,,,,,,11.128490477670148,8.533078849842289,0.0,,5.01296700654409,,4.96921177879121,,,4.153453711720496,0.0,,9.272948151106249,,11.128490477670148,
94,,0.0,,,0.0,,,,,6.111654331153608,,0.0,10.925358268576911,,8.533078849842289,0.0,,,11.777919007789142,7.74834344592649,6.458998198865708,,11.156318526116912,,5.478070154289215,,7.134220586183886,0.0,0.0,0.0,,,,,,,,,,,,,,,,,11.777919007789142,,,,,,,,,8.63260406987797,,,,5.01296700654409,0.0,7.74834344592649,,,,0.0,,,4.39016893654157,,0.0,,,10.264227896467698,,,6.458998198865708,,,0.0,,,,,,,,10.237173147047809,,4.96921177879121,,,,,,,,,,8.364480681578453,,,4.306135258436866,0.0,,,11.156318526116912,,,,,,,,,6.265378882082749,,,,,,,,,4.39016893654157,,,,,,,,5.971095589122942,,4.153453711720496,6.111654331153608,5.478070154289215,,,,,8.364480681578453,,,,,,4.224008149292806,,0.0,,,,8.63260406987797,0.0,,,6.265378882082749,,,,,8.632909470754445,,,0.0,7.134220586183886,,,,,,,,,,,,,9.272948151106249,10.925358268576911,0.0,,,,10.237173147047809,4.306135258436866,,5.971095589122942,4.224008149292806,8.632909470754445,,,,,,0.0,,,10.264227896467698,,0.0,,,,,,,,11.128490477670148,8.533078849842289,0.0,,5.01296700654409,,4.96921177879121,,,4.153453711720496,0.0,,9.272948151106249,,11.128490477670148,
95,,0.0,,,0.0,,,,,6.111654331153608,,0.0,10.925358268576911,,8.533078849842289,0.0,,,11.777919007789142,7.74834344592649,6.458998198865708,,11.156318526116912,,5.478070154289215,,7.134220586183886,0.0,0.0,0.0,,,,,,,,,,,,,,,,,11.777919007789142,,,,,,,,,8.63260406987797,,,,5.01296700654409,0.0,7.74834344592649,,,,0.0,,,4.39016893654157,,0.0,,,10.264227896467698,,,6.458998198865708,,,0.0,,,,,,,,10.237173147047809,,4.96921177879121,,,,,,,,,,8.364480681578453,,,4.306135258436866,0.0,,,11.156318526116912,,,,,,,,,6.265378882082749,,,,,,,,,4.39016893654157,,,,,,,,5.971095589122942,,4.153453711720496,6.111654331153608,5.478070154289215,,,,,8.364480681578453,,,,,,4.224008149292806,,0.0,,,,8.63260406987797,0.0,,,6.265378882082749,,,,,8.632909470754445,,,0.0,7.134220586183886,,,,,,,,,,,,,9.272948151106249,10.925358268576911,0.0,,,,10.237173147047809,4.306135258436866,,5.971095589122942,4.224008149292806,8.632909470754445,,,,,,0.0,,,10.264227896467698,,0.0,,,,,,,,11.128490477670148,8.533078849842289,0.0,,5.01296700654409,,4.96921177879121,,,4.153453711720496,0.0,,9.272948151106249,,11.128490477670148,
96,,0.0,,,0.0,,,,,6.111654331153608,,0.0,10.925358268576911,,8.533078849842289,0.0,,,11.777919007789142,7.74834344592649,6.458998198865708,,11.156318526116912,,5.478070154289215,,7.134220586183886,0.0,0.0,0.0,,,,,,,,,,,,,,,,,11.777919007789142,,,,,,,,,8.63260406987797,,,,5.01296700654409,0.0,7.74834344592649,,,,7.883045696667201,,,4.39016893654157,,0.0,,,10.264227896467698,,,6.458998198865708,,,7.883045696667201,,,,,,,,10.237173147047809,,4.96921177879121,,,,,,,,,,8.364480681578453,,,4.306135258436866,0.0,,,11.156318526116912,,,,,,,,,6.265378882082749,,,,,,,,,4.39016893654157,,,,,,,,5.971095589122942,,4.153453711720496,6.111654331153608,5.478070154289215,,,,,8.364480681578453,,,,,,4.224008149292806,,0.0,,,,8.63260406987797,0.0,,,6.265378882082749,,,,,8.632909470754445,,,0.0,7.134220586183886,,,,,,,,,,,,,9.272948151106249,10.925358268576911,0.0,,,,10.237173147047809,4.306135258436866,,5.971095589122942,4.224008149292806,8.632909470754445,,,,,,0.0,,,10.264227896467698,,0.0,,,,,,,,11.128490477670148,8.533078849842289,0.0,,5.01296700654409,,4.96921177879121,,,4.153453711720496,0.0,,9.272948151106249,,11.128490477670148,
97,,0.0,,,0.0,,,,,6.111654331153608,,0.0,10.925358268576911,,8.533078849842289,0.0,,,11.777919007789142,7.74834344592649,6.458998198865708,,11.156318526116912,,5.478070154289215,,7.134220586183886,0.0,0.0,0.0,,,,,,,,,,,,,,,,,11.777919007789142,,,,,,,,,8.63260406987797,,,,5.01296700654409,0.0,7.74834344592649,,,,7.883045696667201,,,4.39016893654157,,0.0,,,10.264227896467698,,,6.458998198865708,,,7.883045696667201,,,,,,,,10.237173147047809,,4.96921177879121,,,,,,,,,,8.364480681578453,,,4.306135258436866,0.0,,,11.156318526116912,,,,,,,,,6.265378882082749,,,,,,,,,4.39016893654157,,,,,,,,5.971095589122942,,4.153453711720496,6.111654331153608,5.478070154289215,,,,,8.364480681578453,,,,,,4.224008149292806,,0.0,,,,8.63260406987797,0.0,,,6.265378882082749,,,,,8.632909470754445,,,0.0,7.134220586183886,,,,,,,,,,,,,9.272948151106249,10.925358268576911,0.0,,,,10.237173147047809,4.306135258436866,,5.971095589122942,4.224008149292806,8.632909470754445,,,,,,0.0,,,10.264227896467698,,0.0,,,,,,,,11.128490477670148,8.533078849842289,0.0,,5.01296700654409,,4.96921177879121,,,4.153453711720496,0.0,,9.272948151106249,,11.128490477670148,
98,,0.0,,,0.0,,,,,6.111654331153608,,0.0,10.925358268576911,,8.533078849842289,0.0,,,11.777919007789142,7.74834344592649,6.458998198865708,,11.156318526116912,,5.478070154289215,,7.134220586183886,0.0,0.0,0.0,,,,,,,,,,,,,,,,,11.777919007789142,,,,,,,,,8.63260406987797,,,,5.01296700654409,0.0,7.74834344592649,,,,7.883045696667201,,,4.39016893654157,,0.0,,,10.264227896467698,,,6.458998198865708,,,7.883045696667201,,,,,,,,10.237173147047809,,4.96921177879121,,,,,,,,,,8.364480681578453,,,4.306135258436866,0.0,,,11.156318526116912,,,,,,,,,6.265378882082749,,,,,,,,,4.39016893654157,,,,,,,,5.971095589122942,,4.153453711720496,6.111654331153608,5.478070154289215,,,,,8.364480681578453,,,,,,4.224008149292806,,0.0,,,,8.63260406987797,0.0,,,6.265378882082749,,,,,8.632909470754445,,,0.0,7.134220586183886,,,,,,,,,,,,,9.272948151106249,10.925358268576911,0.0,,,,10.237173147047809,4.306135258436866,,5.971095589122942,4.224008149292806,8.632909470754445,,,,,,0.0,,,10.264227896467698,,0.0,,,,,,,,11.128490477670148,8.533078849842289,0.0,,5.01296700654409,,4.96921177879121,,,4.153453711720496,0.0,,9.272948151106249,,11.128490477670148,
99,,0.0,,,0.0,,,,,6.111654331153608,,0.0,10.925358268576911,,8.533078849842289,0.0,,,11.777919007789142,7.74834344592649,6.458998198865708,,11.156318526116912,,5.478070154289215,,7.134220586183886,0.0,0.0,0.0,,,,,,,,,,,,,,,,,11.777919007789142,,,,,,,,,8.63260406987797,,,,5.01296700654409,0.0,7.74834344592649,,,,7.883045696667201,,,,,0.0,,,10.264227896467698,,,6.458998198865708,,,7.883045696667201,,,,,,,,,,4.96921177879121,,,,,,,,,,8.364480681578453,,,4.306135258436866,0.0,,,11.156318526116912,,,,,,,,,6.265378882082749,,,,,,,,,,,,,,,,,5.971095589122942,,4.153453711720496,6.111654331153608,5.478070154289215,,,,,8.364480681578453,,,,,,4.224008149292806,,0.0,,,,8.63260406987797,0.0,,,6.265378882082749,,,,,8.632909470754445,,,0.0,7.134220586183886,,,,,,,,,,,,,9.272948151106249,10.925358268576911,0.0,,,,,4.306135258436866,,5.971095589122942,4.224008149292806,8.632909470754445,,,,,,0.0,,,10.264227896467698,,0.0,,,,,,,,11.128490477670148,8.533078849842289,0.0,,5.01296700654409,,4.96921177879121,,,4.153453711720496,0.0,,9.272948151106249,,11.128490477670148,
100,,0.0,,,0.0,,,,,6.111654331153608,,0.0,10.925358268576911,,8.533078849842289,0.0,,,11.777919007789142,7.74834344592649,6.458998198865708,,11.156318526116912,,5.478070154289215,,7.134220586183886,0.0,0.0,0.0,,,,,,,,,,,,,,,,,11.777919007789142,,,,,,,,,8.63260406987797,,,,5.01296700654409,0.0,7.74834344592649,,,,7.883045696667201,,,4.39016893654157,,0.0,,,10.264227896467698,,,6.458998198865708,,,7.883045696667201,,,,,,,,10.237173147047809,,4.96921177879121,,,,,,,,,,8.364480681578453,,,4.306135258436866,0.0,,,11.156318526116912,,,,,,,,,6.265378882082749,,,,,,,,,4.39016893654157,,,,,,,,5.971095589122942,,4.153453711720496,6.111654331153608,5.478070154289215,,,,,8.364480681578453,,,,,,4.224008149292806,,0.0,,,,8.63260406987797,0.0,,,6.265378882082749,,,,,8.632909470754445,,,0.0,7.134220586183886,,,,,,,,,,,,,9.272948151106249,10.925358268576911,0.0,,,,10.237173147047809,4.306135258436866,,5.971095589122942,4.224008149292806,8.632909470754445,,,,,,0.0,,,10.264227896467698,,0.0,,,,,,,,11.128490477670148,8.533078849842289,0.0,,5.01296700654409,,4.96921177879121,,,4.153453711720496,0.0,,9.272948151106249,,11.128490477670148,
101,,0.0,,,0.0,,,,,6.111654331153608,,0.0,10.925358268576911,,8.533078849842289,0.0,,,11.777919007789142,7.74834344592649,6.458998198865708,,11.156318526116912,,5.478070154289215,,7.134220586183886,0.0,0.0,0.0,,,,,,,,,,,,,,,,,11.777919007789142,,,,,,,,,8.63260406987797,,,,5.01296700654409,0.0,7.74834344592649,,,,7.883045696667201,,,4.39016893654157,,0.0,,,10.264227896467698,,,6.458998198865708,,,7.883045696667201,,,,,,,,10.237173147047809,,4.96921177879121,,,,,,,,,,8.364480681578453,,,4.306135258436866,0.0,,,11.156318526116912,,,,,,,,,6.265378882082749,,,,,,,,,4.39016893654157,,,,,,,,5.971095589122942,,4.153453711720496,6.111654331153608,5.478070154289215,,,,,8.364480681578453,,,,,,4.224008149292806,,0.0,,,,8.63260406987797,0.0,,,6.265378882082749,,,,,8.632909470754445,,,0.0,7.134220586183886,,,,,,,,,,,,,9.272948151106249,10.925358268576911,0.0,,,,10.237173147047809,4.306135258436866,,5.971095589122942,4.224008149292806,8.632909470754445,,,,,,0.0,,,10.264227896467698,,0.0,,,,,,,,11.128490477670148,8.533078849842289,0.0,,5.01296700654409,,4.96921177879121,,,4.153453711720496,0.0,,9.272948151106249,,11.128490477670148,
102,,0.0,,,0.0,,,,,6.111654331153608,,0.0,10.925358268576911,,8.533078849842289,0.0,,,11.777919007789142,7.74834344592649,6.458998198865708,,11.156318526116912,,5.478070154289215,,7.134220586183886,0.0,0.0,0.0,,,,,,,,,,,,,,,,,11.777919007789142,,,,,,,,,8.63260406987797,,,,5.01296700654409,0.0,7.74834344592649,,,,7.883045696667201,,,4.39016893654157,,0.0,,,10.264227896467698,,,6.458998198865708,,,7.883045696667201,,,,,,,,10.237173147047809,,4.96921177879121,,,,,,,,,,8.364480681578453,,,4.306135258436866,0.0,,,11.156318526116912,,,,,,,,,6.265378882082749,,,,,,,,,4.39016893654157,,,,,,,,5.971095589122942,,4.153453711720496,6.111654331153608,5.478070154289215,,,,,8.364480681578453,,,,,,4.224008149292806,,0.0,,,,8.63260406987797,0.0,,,6.265378882082749,,,,,8.632909470754445,,,0.0,7.134220586183886,,,,,,,,,,,,,9.272948151106249,10.925358268576911,0.0,,,,10.237173147047809,4.306135258436866,,5.971095589122942,4.224008149292806,8.632909470754445,,,,,,0.0,,,10.264227896467698,,0.0,,,,,,,,11.128490477670148,8.533078849842289,0.0,,5.01296700654409,,4.96921177879121,,,4.153453711720496,0.0,,9.272948151106249,,11.128490477670148,
103,,0.0,,,0.0,,,,,6.111654331153608,,0.0,10.925358268576911,,8.533078849842289,0.0,,,11.777919007789142,7.74834344592649,6.458998198865708,,11.156318526116912,,5.478070154289215,,7.134220586183886,7.789478021253053,0.0,0.0,,,,,,,,,,,,,,,,,11.777919007789142,,,,,,,,,8.63260406987797,,,,5.01296700654409,0.0,7.74834344592649,,,,7.883045696667201,,,4.39016893654157,,0.0,,,10.264227896467698,,,6.458998198865708,,,7.883045696667201,,,,,,,,10.237173147047809,,4.96921177879121,,,,,,,,,,8.364480681578453,,,4.306135258436866,0.0,,,11.156318526116912,,,,,,,,,6.265378882082749,,,,,,,,,4.39016893654157,,,,,,,,5.971095589122942,,4.153453711720496,6.111654331153608,5.478070154289215,,,,,8.364480681578453,,,,,,4.224008149292806,,0.0,,,,8.63260406987797,0.0,,,6.265378882082749,,,,,8.632909470754445,,,0.0,7.134220586183886,,,,,,,,,,,,,9.272948151106249,10.925358268576911,7.789478021253053,,,,10.237173147047809,4.306135258436866,,5.971095589122942,4.224008149292806,8.632909470754445,,,,,,0.0,,,10.264227896467698,,0.0,,,,,,,,11.128490477670148,8.533078849842289,0.0,,5.01296700654409,,4.96921177879121,,,4.153453711720496,0.0,,9.272948151106249,,11.128490477670148,
104,,0.0,,,0.0,,,,,6.111654331153608,,0.0,10.925358268576911,,8.533078849842289,0.0,,,11.777919007789142,7.74834344592649,6.458998198865708,,11.156318526116912,,5.478070154289215,,7.134220586183886,7.789478021253053,0.0,0.0,,,,,,,,,,,,,,,,,11.777919007789142,,,,,,,,,8.63260406987797,,,,5.01296700654409,0.0,7.74834344592649,,,,7.883045696667201,,,4.39016893654157,,0.0,,,10.264227896467698,,,6.458998198865708,,,7.883045696667201,,,,,,,,10.237173147047809,,4.96921177879121,,,,,,,,,,8.364480681578453,,,4.306135258436866,0.0,,,11.156318526116912,,,,,,,,,6.265378882082749,,,,,,,,,4.39016893654157,,,,,,,,5.971095589122942,,4.153453711720496,6.111654331153608,5.478070154289215,,,,,8.364480681578453,,,,,,4.224008149292806,,0.0,,,,8.63260406987797,0.0,,,6.265378882082749,,,,,8.632909470754445,,,0.0,7.134220586183886,,,,,,,,,,,,,9.272948151106249,10.925358268576911,7.789478021253053,,,,10.237173147047809,4.306135258436866,,5.971095589122942,4.224008149292806,8.632909470754445,,,,,,0.0,,,10.264227896467698,,0.0,,,,,,,,11.128490477670148,8.533078849842289,0.0,,5.01296700654409,,4.96921177879121,,,4.153453711720496,0.0,,9.272948151106249,,11.128490477670148,
105,,10.227611939384348,,,0.0,,,,,6.111654331153608,,0.0,10.925358268576911,,8.533078849842289,10.227611939384348,,,11.777919007789142,7.74834344592649,6.458998198865708,,11.156318526116912,,5.478070154289215,,7.134220586183886,7.789478021253053,0.0,0.0,,,,,,,,,,,,,,,,,11.777919007789142,,,,,,,,,8.63260406987797,,,,5.01296700654409,0.0,7.74834344592649,,,,7.883045696667201,,,4.39016893654157,,0.0,,,10.264227896467698,,,6.458998198865708,,,7.883045696667201,,,,,,,,10.237173147047809,,4.96921177879121,,,,,,,,,,8.364480681578453,,,4.306135258436866,0.0,,,11.156318526116912,,,,,,,,,6.265378882082749,,,,,,,,,4.39016893654157,,,,,,,,5.971095589122942,,4.153453711720496,6.111654331153608,5.478070154289215,,,,,8.364480681578453,,,,,,4.224008149292806,,0.0,,,,8.63260406987797,0.0,,,6.265378882082749,,,,,8.632909470754445,,,0.0,7.134220586183886,,,,,,,,,,,,,9.272948151106249,10.925358268576911,7.789478021253053,,,,10.237173147047809,4.306135258436866,,5.971095589122942,4.224008149292806,8.632909470754445,,,,,,0.0,,,10.264227896467698,,0.0,,,,,,,,11.128490477670148,8.533078849842289,0.0,,5.01296700654409,,4.96921177879121,,,4.153453711720496,0.0,,9.272948151106249,,11.128490477670148,
106,,10.227611939384348,,,,,,,,6.111654331153608,,0.0,10.925358268576911,,8.533078849842289,10.227611939384348,,,11.777919007789142,7.74834344592649,6.458998198865708,,11.156318526116912,,5.478070154289215,,7.134220586183886,7.789478021253053,0.0,0.0,,,,,,,,,,,,,,,,,11.777919007789142,,,,,,,,,8.63260406987797,,,,5.01296700654409,,7.74834344592649,,,,7.883045696667201,,,4.39016893654157,,0.0,,,10.264227896467698,,,6.458998198865708,,,7.883045696667201,,,,,,,,10.237173147047809,,4.96921177879121,,,,,,,,,,8.364480681578453,,,4.306135258436866,0.0,,,11.156318526116912,,,,,,,,,6.265378882082749,,,,,,,,,4.39016893654157,,,,,,,,5.971095589122942,,4.153453711720496,6.111654331153608,5.478070154289215,,,,,8.364480681578453,,,,,,4.224008149292806,,0.0,,,,8.63260406987797,0.0,,,6.265378882082749,,,,,8.632909470754445,,,0.0,7.134220586183886,,,,,,,,,,,,,9.272948151106249,10.925358268576911,7.789478021253053,,,,10.237173147047809,4.306135258436866,,5.971095589122942,4.224008149292806,8.632909470754445,,,,,,0.0,,,10.264227896467698,,0.0,,,,,,,,11.128490477670148,8.533078849842289,0.0,,5.01296700654409,,4.96921177879121,,,4.153453711720496,0.0,,9.272948151106249,,11.128490477670148,
107,,10.227611939384348,,,0.0,,,,,6.111654331153608,,0.0,10.925358268576911,,8.533078849842289,10.227611939384348,,,11.777919007789142,7.74834344592649,6.458998198865708,,11.156318526116912,,5.478070154289215,,7.134220586183886,7.789478021253053,0.0,0.0,,,,,,,,,,,,,,,,,11.777919007789142,,,,,,,,,8.63260406987797,,,,5.01296700654409,0.0,7.74834344592649,,,,7.883045696667201,,,4.39016893654157,,0.0,,,10.264227896467698,,,6.458998198865708,,,7.883045696667201,,,,,,,,10.237173147047809,,4.96921177879121,,,,,,,,,,8.364480681578453,,,4.306135258436866,0.0,,,11.156318526116912,,,,,,,,,6.265378882082749,,,,,,,,,4.39016893654157,,,,,,,,5.971095589122942,,4.153453711720496,6.111654331153608,5.478070154289215,,,,,8.364480681578453,,,,,,4.224008149292806,,0.0,,,,8.63260406987797,0.0,,,6.265378882082749,,,,,8.632909470754445,,,0.0,7.134220586183886,,,,,,,,,,,,,9.272948151106249,10.925358268576911,7.789478021253053,,,,10.237173147047809,4.306135258436866,,5.971095589122942,4.224008149292806,8.632909470754445,,,,,,0.0,,,10.264227896467698,,0.0,,,,,,,,11.128490477670148,8.533078849842289,0.0,,5.01296700654409,,4.96921177879121,,,4.153453711720496,0.0,,9.272948151106249,,11.128490477670148,
108,,10.227611939384348,,,0.0,,,,,6.111654331153608,,0.0,10.925358268576911,,8.533078849842289,10.227611939384348,,,11.777919007789142,7.74834344592649,6.458998198865708,,11.156318526116912,,5.478070154289215,,7.134220586183886,7.789478021253053,0.0,0.0,,,,,,,,,,,,,,,,,11.777919007789142,,,,,,,,,8.63260406987797,,,,5.01296700654409,0.0,7.74834344592649,,,,7.883045696667201,,,4.39016893654157,,9.48912416325338,,,10.264227896467698,,,6.458998198865708,,,7.883045696667201,,,,,,,,10.237173147047809,,4.96921177879121,,,,,,,,,,8.364480681578453,,,4.306135258436866,0.0,,,11.156318526116912,,,,,,,,,6.265378882082749,,,,,,,,,4.39016893654157,,,,,,,,5.971095589122942,,4.153453711720496,6.111654331153608,5.478070154289215,,,,,8.364480681578453,,,,,,4.224008149292806,,0.0,,,,8.63260406987797,9.48912416325338,,,6.265378882082749,,,,,8.632909470754445,,,0.0,7.134220586183886,,,,,,,,,,,,,9.272948151106249,10.925358268576911,7.789478021253053,,,,10.237173147047809,4.306135258436866,,5.971095589122942,4.224008149292806,8.632909470754445,,,,,,0.0,,,10.264227896467698,,0.0,,,,,,,,11.128490477670148,8.533078849842289,0.0,,5.01296700654409,,4.96921177879121,,,4.153453711720496,0.0,,9.272948151106249,,11.128490477670148,
109,,10.227611939384348,,,0.0,,,,,6.111654331153608,,0.0,10.925358268576911,,8.533078849842289,10.227611939384348,,,11.777919007789142,7.74834344592649,6.458998198865708,,11.156318526116912,,5.478070154289215,,7.134220586183886,7.789478021253053,9.146899294534693,0.0,,,,,,,,,,,,,,,,,11.777919007789142,,,,,,,,,8.63260406987797,,,,5.01296700654409,0.0,7.74834344592649,,,,7.883045696667201,,,4.39016893654157,,9.48912416325338,,,10.264227896467698,,,6.458998198865708,,,7.883045696667201,,,,,,,,10.237173147047809,,4.96921177879121,,,,,,,,,,8.364480681578453,,,4.306135258436866,0.0,,,11.156318526116912,,,,,,,,,6.265378882082749,,,,,,,,,4.39016893654157,,,,,,,,5.971095589122942,,4.153453711720496,6.111654331153608,5.478070154289215,,,,,8.364480681578453,,,,,,4.224008149292806,,8.142973187396004,,,,8.63260406987797,9.48912416325338,,,6.265378882082749,,,,,8.632909470754445,,,0.0,7.134220586183886,,,,,,,,,,,,,9.272948151106249,10.925358268576911,7.789478021253053,,,,10.237173147047809,4.306135258436866,,5.971095589122942,4.224008149292806,8.632909470754445,,,,,,9.146899294534693,,,10.264227896467698,,0.0,,,,,,,,11.128490477670148,8.533078849842289,0.0,,5.01296700654409,,4.96921177879121,,,4.153453711720496,8.142973187396004,,9.272948151106249,,11.128490477670148,
110,,10.227611939384348,,,,,,,,6.111654331153608,,0.0,10.925358268576911,,8.533078849842289,10.227611939384348,,,11.777919007789142,7.74834344592649,6.458998198865708,,11.156318526116912,,5.478070154289215,,7.134220586183886,7.789478021253053,9.146899294534693,0.0,,,,,,,,,,,,,,,,,11.777919007789142,,,,,,,,,8.63260406987797,,,,5.01296700654409,,7.74834344592649,,,,7.883045696667201,,,4.39016893654157,,9.48912416325338,,,10.264227896467698,,,6.458998198865708,,,7.883045696667201,,,,,,,,10.237173147047809,,4.96921177879121,,,,,,,,,,8.364480681578453,,,4.306135258436866,0.0,,,11.156318526116912,,,,,,,,,6.265378882082749,,,,,,,,,4.39016893654157,,,,,,,,5.971095589122942,,4.153453711720496,6.111654331153608,5.478070154289215,,,,,8.364480681578453,,,,,,4.224008149292806,,8.142973187396004,,,,8.63260406987797,9.48912416325338,,,6.265378882082749,,,,,8.632909470754445,,,0.0,7.134220586183886,,,,,,,,,,,,,9.272948151106249,10.925358268576911,7.789478021253053,,,,10.237173147047809,4.306135258436866,,5.971095589122942,4.224008149292806,8.632909470754445,,,,,,9.146899294534693,,,10.264227896467698,,0.0,,,,,,,,11.128490477670148,8.533078849842289,0.0,,5.01296700654409,,4.96921177879121,,,4.153453711720496,8.142973187396004,,9.272948151106249,,11.128490477670148,
111,,10.227611939384348,,,0.0,,,,,6.111654331153608,,0.0,10.925358268576911,,8.533078849842289,10.227611939384348,,,11.777919007789142,7.74834344592649,6.458998198865708,,11.156318526116912,,5.478070154289215,,7.134220586183886,7.789478021253053,9.146899294534693,0.0,,,,,,,,,,,,,,,,,11.777919007789142,,,,,,,,,8.63260406987797,,,,5.01296700654409,0.0,7.74834344592649,,,,7.883045696667201,,,4.39016893654157,,9.48912416325338,,,10.264227896467698,,,6.458998198865708,,,7.883045696667201,,,,,,,,10.237173147047809,,4.96921177879121,,,,,,,,,,8.364480681578453,,,4.306135258436866,0.0,,,11.156318526116912,,,,,,,,,6.265378882082749,,,,,,,,,4.39016893654157,,,,,,,,5.971095589122942,,4.153453711720496,6.111654331153608,5.478070154289215,,,,,8.364480681578453,,,,,,4.224008149292806,,8.142973187396004,,,,8.63260406987797,9.48912416325338,,,6.265378882082749,,,,,8.632909470754445,,,0.0,7.134220586183886,,,,,,,,,,,,,9.272948151106249,10.925358268576911,7.789478021253053,,,,10.237173147047809,4.306135258436866,,5.971095589122942,4.224008149292806,8.632909470754445,,,,,,9.146899294534693,,,10.264227896467698,,0.0,,,,,,,,11.128490477670148,8.533078849842289,0.0,,5.01296700654409,,4.96921177879121,,,4.153453711720496,8.142973187396004,,9.272948151106249,,11.128490477670148,
112,,10.227611939384348,,,0.0,,,,,6.111654331153608,,0.0,10.925358268576911,,8.533078849842289,10.227611939384348,,,11.777919007789142,7.74834344592649,6.458998198865708,,11.156318526116912,,5.478070154289215,,7.134220586183886,7.789478021253053,9.146899294534693,0.0,,,,,,,,,,,,,,,,,11.777919007789142,,,,,,,,,8.63260406987797,,,,5.01296700654409,0.0,7.74834344592649,,,,7.883045696667201,,,4.39016893654157,,9.48912416325338,,,10.264227896467698,,,6.458998198865708,,,7.883045696667201,,,,,,,,10.237173147047809,,4.96921177879121,,,,,,,,,,8.364480681578453,,,4.306135258436866,0.0,,,11.156318526116912,,,,,,,,,6.265378882082749,,,,,,,,,4.39016893654157,,,,,,,,5.971095589122942,,4.153453711720496,6.111654331153608,5.478070154289215,,,,,8.364480681578453,,,,,,4.224008149292806,,8.142973187396004,,,,8.63260406987797,9.48912416325338,,,6.265378882082749,,,,,8.632909470754445,,,0.0,7.134220586183886,,,,,,,,,,,,,9.272948151106249,10.925358268576911,7.789478021253053,,,,10.237173147047809,4.306135258436866,,5.971095589122942,4.224008149292806,8.632909470754445,,,,,,9.146899294534693,,,10.264227896467698,,0.0,,,,,,,,11.128490477670148,8.533078849842289,0.0,,5.01296700654409,,4.96921177879121,,,4.153453711720496,8.142973187396004,,9.272948151106249,,11.128490477670148,
113,,10.227611939384348,,,,,,,,6.111654331153608,,0.0,10.925358268576911,,8.533078849842289,10.227611939384348,,,11.777919007789142,7.74834344592649,6.458998198865708,,11.156318526116912,,5.478070154289215,,7.134220586183886,7.789478021253053,9.146899294534693,0.0,,,,,,,,,,,,,,,,,11.777919007789142,,,,,,,,,8.63260406987797,,,,5.01296700654409,,7.74834344592649,,,,7.883045696667201,,,4.39016893654157,,9.48912416325338,,,10.264227896467698,,,6.458998198865708,,,7.883045696667201,,,,,,,,10.237173147047809,,4.96921177879121,,,,,,,,,,8.364480681578453,,,4.306135258436866,0.0,,,11.156318526116912,,,,,,,,,6.265378882082749,,,,,,,,,4.39016893654157,,,,,,,,5.971095589122942,,4.153453711720496,6.111654331153608,5.478070154289215,,,,,8.364480681578453,,,,,,4.224008149292806,,8.142973187396004,,,,8.63260406987797,9.48912416325338,,,6.265378882082749,,,,,8.632909470754445,,,0.0,7.134220586183886,,,,,,,,,,,,,9.272948151106249,10.925358268576911,7.789478021253053,,,,10.237173147047809,4.306135258436866,,5.971095589122942,4.224008149292806,8.632909470754445,,,,,,9.146899294534693,,,10.264227896467698,,0.0,,,,,,,,11.128490477670148,8.533078849842289,0.0,,5.01296700654409,,4.96921177879121,,,4.153453711720496,8.142973187396004,,9.272948151106249,,11.128490477670148,
114,,10.227611939384348,,,0.0,,,,,6.111654331153608,,0.0,10.925358268576911,,8.533078849842289,10.227611939384348,,,11.777919007789142,7.74834344592649,6.458998198865708,,11.156318526116912,,5.478070154289215,,7.134220586183886,7.789478021253053,9.146899294534693,0.0,,,,,,,,,,,,,,,,,11.777919007789142,,,,,,,,,8.63260406987797,,,,5.01296700654409,0.0,7.74834344592649,,,,7.883045696667201,,,4.39016893654157,,9.48912416325338,,,10.264227896467698,,,6.458998198865708,,,7.883045696667201,,,,,,,,10.237173147047809,,4.96921177879121,,,,,,,,,,8.364480681578453,,,4.306135258436866,11.539316778442124,,,11.156318526116912,,,,,,,,,6.265378882082749,,,,,,,,,4.39016893654157,,,,,,,,5.971095589122942,,4.153453711720496,6.111654331153608,5.478070154289215,,,,,8.364480681578453,,,,,,4.224008149292806,,8.142973187396004,,,,8.63260406987797,9.48912416325338,,,6.265378882082749,,,,,8.632909470754445,,,0.0,7.134220586183886,,,,,,,,,,,,,9.272948151106249,10.925358268576911,7.789478021253053,,,,10.237173147047809,4.306135258436866,,5.971095589122942,4.224008149292806,8.632909470754445,,,,,,9.146899294534693,,,10.264227896467698,,11.539316778442124,,,,,,,,11.128490477670148,8.533078849842289,0.0,,5.01296700654409,,4.96921177879121,,,4.153453711720496,8.142973187396004,,9.272948151106249,,11.128490477670148,
115,,10.227611939384348,,,0.0,,,,,6.111654331153608,,0.0,10.925358268576911,,8.533078849842289,10.227611939384348,,,11.777919007789142,7.74834344592649,6.458998198865708,,11.156318526116912,,5.478070154289215,,7.134220586183886,7.789478021253053,9.146899294534693,0.0,,,,,,,,,,,,,,,,,11.777919007789142,,,,,,,,,8.63260406987797,,,,5.01296700654409,0.0,7.74834344592649,,,,7.883045696667201,,,4.39016893654157,,9.48912416325338,,,10.264227896467698,,,6.458998198865708,,,7.883045696667201,,,,,,,,10.237173147047809,,4.96921177879121,,,,,,,,,,8.364480681578453,,,4.306135258436866,11.539316778442124,,,11.156318526116912,,,,,,,,,6.265378882082749,,,,,,,,,4.39016893654157,,,,,,,,5.971095589122942,,4.153453711720496,6.111654331153608,5.478070154289215,,,,,8.364480681578453,,,,,,4.224008149292806,,8.142973187396004,,,,8.63260406987797,9.48912416325338,,,6.265378882082749,,,,,8.632909470754445,,,0.0,7.134220586183886,,,,,,,,,,,,,9.272948151106249,10.925358268576911,7.789478021253053,,,,10.237173147047809,4.306135258436866,,5.971095589122942,4.224008149292806,8.632909470754445,,,,,,9.146899294534693,,,10.264227896467698,,11.539316778442124,,,,,,,,11.128490477670148,8.533078849842289,0.0,,5.01296700654409,,4.96921177879121,,,4.153453711720496,8.142973187396004,,9.272948151106249,,11.128490477670148,
116,,10.227611939384348,,,0.0,,,,,6.111654331153608,,0.0,10.925358268576911,,8.533078849842289,10.227611939384348,,,11.777919007789142,7.74834344592649,6.458998198865708,,11.156318526116912,,5.478070154289215,,7.134220586183886,7.789478021253053,9.146899294534693,0.0,,,,,,,,,,,,,,,,,11.777919007789142,,,,,,,,,8.63260406987797,,,,5.01296700654409,0.0,7.74834344592649,,,,7.883045696667201,,,4.39016893654157,,9.48912416325338,,,10.264227896467698,,,6.458998198865708,,,7.883045696667201,,,,,,,,10.237173147047809,,4.96921177879121,,,,,,,,,,8.364480681578453,,,4.306135258436866,11.539316778442124,,,11.156318526116912,,,,,,,,,6.265378882082749,,,,,,,,,4.39016893654157,,,,,,,,5.971095589122942,,4.153453711720496,6.111654331153608,5.478070154289215,,,,,8.364480681578453,,,,,,4.224008149292806,,8.142973187396004,,,,8.63260406987797,9.48912416325338,,,6.265378882082749,,,,,8.632909470754445,,,0.0,7.134220586183886,,,,,,,,,,,,,9.272948151106249,10.925358268576911,7.789478021253053,,,,10.237173147047809,4.306135258436866,,5.971095589122942,4.224008149292806,8.632909470754445,,,,,,9.146899294534693,,,10.264227896467698,,11.539316778442124,,,,,,,,11.128490477670148,8.533078849842289,0.0,,5.01296700654409,,4.96921177879121,,,4.153453711720496,8.142973187396004,,9.272948151106249,,11.128490477670148,
117,,10.227611939384348,,,0.0,,,,,6.111654331153608,,0.0,10.925358268576911,,8.533078849842289,10.227611939384348,,,11.777919007789142,7.74834344592649,6.458998198865708,,11.156318526116912,,5.478070154289215,,7.134220586183886,7.789478021253053,9.146899294534693,0.0,,,,,,,,,,,,,,,,,11.777919007789142,,,,,,,,,8.63260406987797,,,,5.01296700654409,0.0,7.74834344592649,,,,7.883045696667201,,,4.39016893654157,,9.48912416325338,,,10.264227896467698,,,6.458998198865708,,,7.883045696667201,,,,,,,,10.237173147047809,,4.96921177879121,,,,,,,,,,8.364480681578453,,,4.306135258436866,11.539316778442124,,,11.156318526116912,,,,,,,,,6.265378882082749,,,,,,,,,4.39016893654157,,,,,,,,5.971095589122942,,4.153453711720496,6.111654331153608,5.478070154289215,,,,,8.364480681578453,,,,,,4.224008149292806,,8.142973187396004,,,,8.63260406987797,9.48912416325338,,,6.265378882082749,,,,,8.632909470754445,,,0.0,7.134220586183886,,,,,,,,,,,,,9.272948151106249,10.925358268576911,7.789478021253053,,,,10.237173147047809,4.306135258436866,,5.971095589122942,4.224008149292806,8.632909470754445,,,,,,9.146899294534693,,,10.264227896467698,,11.539316778442124,,,,,,,,11.128490477670148,8.533078849842289,0.0,,5.01296700654409,,4.96921177879121,,,4.153453711720496,8.142973187396004,,9.272948151106249,,11.128490477670148,
118,,10.227611939384348,,,0.0,,,,,6.111654331153608,,0.0,10.925358268576911,,8.533078849842289,10.227611939384348,,,11.777919007789142,7.74834344592649,6.458998198865708,,11.156318526116912,,5.478070154289215,,7.134220586183886,7.789478021253053,9.146899294534693,7.438000154276108,,,,,,,,,,,,,,,,,11.777919007789142,,,,,,,,,8.63260406987797,,,,5.01296700654409,0.0,7.74834344592649,,,,7.883045696667201,,,4.39016893654157,,9.48912416325338,,,10.264227896467698,,,6.458998198865708,,,7.883045696667201,,,,,,,,10.237173147047809,,4.96921177879121,,,,,,,,,,8.364480681578453,,,4.306135258436866,11.539316778442124,,,11.156318526116912,,,,,,,,,6.265378882082749,,,,,,,,,4.39016893654157,,,,,,,,5.971095589122942,,4.153453711720496,6.111654331153608,5.478070154289215,,,,,8.364480681578453,,,,,,4.224008149292806,,8.142973187396004,,,,8.63260406987797,9.48912416325338,,,6.265378882082749,,,,,8.632909470754445,,,0.0,7.134220586183886,,,,,,,,,,,,,9.272948151106249,10.925358268576911,7.789478021253053,,,,10.237173147047809,4.306135258436866,,5.971095589122942,4.224008149292806,8.632909470754445,,,,,,9.146899294534693,,,10.264227896467698,,11.539316778442124,,,,,,,,11.128490477670148,8.533078849842289,7.438000154276108,,5.01296700654409,,4.96921177879121,,,4.153453711720496,8.142973187396004,,9.272948151106249,,11.128490477670148,
119,,10.227611939384348,,,5.258196423519499,,,,,6.111654331153608,,4.777835423495377,10.925358268576911,,8.533078849842289,10.227611939384348,,,11.777919007789142,7.74834344592649,6.458998198865708,,11.156318526116912,,5.478070154289215,,7.134220586183886,7.789478021253053,9.146899294534693,7.438000154276108,,,,,,,,,,,,,,,,,11.777919007789142,,,,,,,,,8.63260406987797,,,,5.01296700654409,5.258196423519499,7.74834344592649,,,,7.883045696667201,,,4.39016893654157,,9.48912416325338,,,10.264227896467698,,,6.458998198865708,,,7.883045696667201,,,,,,,,10.237173147047809,,4.96921177879121,,,,,,,,,,8.364480681578453,,,4.306135258436866,11.539316778442124,,,11.156318526116912,,,,,,,,,6.265378882082749,,,,,,,,,4.39016893654157,,,,,,,,5.971095589122942,,4.153453711720496,6.111654331153608,5.478070154289215,,,,,8.364480681578453,,,,,,4.224008149292806,,8.142973187396004,,,,8.63260406987797,9.48912416325338,,,6.265378882082749,,,,,8.632909470754445,,,4.777835423495377,7.134220586183886,,,,,,,,,,,,,9.272948151106249,10.925358268576911,7.789478021253053,,,,10.237173147047809,4.306135258436866,,5.971095589122942,4.224008149292806,8.632909470754445,,,,,,9.146899294534693,,,10.264227896467698,,11.539316778442124,,,,,,,,11.128490477670148,8.533078849842289,7.438000154276108,,5.01296700654409,,4.96921177879121,,,4.153453711720496,8.142973187396004,,9.272948151106249,,11.128490477670148,
