,"('I', 'I')","('I', 'D')","('I', 'O')","('I', 'L')","('I', 'J')","('I', 'B')","('I', 'K')","('I', 'N')","('I', 'A')","('I', 'E')","('I', 'C')","('I', 'M')","('I', 'G')","('I', 'F')","('I', 'H')","('D', 'I')","('D', 'D')","('D', 'O')","('D', 'L')","('D', 'J')","('D', 'B')","('D', 'K')","('D', 'N')","('D', 'A')","('D', 'E')","('D', 'C')","('D', 'M')","('D', 'G')","('D', 'F')","('D', 'H')","('O', 'I')","('O', 'D')","('O', 'O')","('O', 'L')","('O', 'J')","('O', 'B')","('O', 'K')","('O', 'N')","('O', 'A')","('O', 'E')","('O', 'C')","('O', 'M')","('O', 'G')","('O', 'F')","('O', 'H')","('L', 'I')","('L', 'D')","('L', 'O')","('L', 'L')","('L', 'J')","('L', 'B')","('L', 'K')","('L', 'N')","('L', 'A')","('L', 'E')","('L', 'C')","('L', 'M')","('L', 'G')","('L', 'F')","('L', 'H')","('J', 'I')","('J', 'D')","('J', 'O')","('J', 'L')","('J', 'J')","('J', 'B')","('J', 'K')","('J', 'N')","('J', 'A')","('J', 'E')","('J', 'C')","('J', 'M')","('J', 'G')","('J', 'F')","('J', 'H')","('B', 'I')","('B', 'D')","('B', 'O')","('B', 'L')","('B', 'J')","('B', 'B')","('B', 'K')","('B', 'N')","('B', 'A')","('B', 'E')","('B', 'C')","('B', 'M')","('B', 'G')","('B', 'F')","('B', 'H')","('K', 'I')","('K', 'D')","('K', 'O')","('K', 'L')","('K', 'J')","('K', 'B')","('K', 'K')","('K', 'N')","('K', 'A')","('K', 'E')","('K', 'C')","('K', 'M')","('K', 'G')","('K', 'F')","('K', 'H')","('N', 'I')","('N', 'D')","('N', 'O')","('N', 'L')","('N', 'J')","('N', 'B')","('N', 'K')","('N', 'N')","('N', 'A')","('N', 'E')","('N', 'C')","('N', 'M')","('N', 'G')","('N', 'F')","('N', 'H')","('A', 'I')","('A', 'D')","('A', 'O')","('A', 'L')","('A', 'J')","('A', 'B')","('A', 'K')","('A', 'N')","('A', 'A')","('A', 'E')","('A', 'C')","('A', 'M')","('A', 'G')","('A', 'F')","('A', 'H')","('E', 'I')","('E', 'D')","('E', 'O')","('E', 'L')","('E', 'J')","('E', 'B')","('E', 'K')","('E', 'N')","('E', 'A')","('E', 'E')","('E', 'C')","('E', 'M')","('E', 'G')","('E', 'F')","('E', 'H')","('C', 'I')","('C', 'D')","('C', 'O')","('C', 'L')","('C', 'J')","('C', 'B')","('C', 'K')","('C', 'N')","('C', 'A')","('C', 'E')","('C', 'C')","('C', 'M')","('C', 'G')","('C', 'F')","('C', 'H')","('M', 'I')","('M', 'D')","('M', 'O')","('M', 'L')","('M', 'J')","('M', 'B')","('M', 'K')","('M', 'N')","('M', 'A')","('M', 'E')","('M', 'C')","('M', 'M')","('M', 'G')","('M', 'F')","('M', 'H')","('G', 'I')","('G', 'D')","('G', 'O')","('G', 'L')","('G', 'J')","('G', 'B')","('G', 'K')","('G', 'N')","('G', 'A')","('G', 'E')","('G', 'C')","('G', 'M')","('G', 'G')","('G', 'F')","('G', 'H')","('F', 'I')","('F', 'D')","('F', 'O')","('F', 'L')","('F', 'J')","('F', 'B')","('F', 'K')","('F', 'N')","('F', 'A')","('F', 'E')","('F', 'C')","('F', 'M')","('F', 'G')","('F', 'F')","('F', 'H')","('H', 'I')","('H', 'D')","('H', 'O')","('H', 'L')","('H', 'J')","('H', 'B')","('H', 'K')","('H', 'N')","('H', 'A')","('H', 'E')","('H', 'C')","('H', 'M')","('H', 'G')","('H', 'F')","('H', 'H')"
0,,,,,,,,0.0,,,0.0,,,0.0,0.0,,,,0.0,,0.0,,,,,,,,0.0,0.0,,,,,,,0.0,0.0,,,0.0,,,,,,0.0,,,,0.0,,0.0,,,,,,0.0,0.0,,,,,,,,,,,0.0,,,0.0,0.0,,0.0,,0.0,,,,0.0,,,0.0,,,0.0,,,,0.0,,,,,0.0,,,,,,0.0,,0.0,,0.0,0.0,,0.0,0.0,,,0.0,0.0,0.0,,0.0,0.0,,,,,,,,,,,,,,,,,,,,,,,0.0,,,0.0,,0.0,,0.0,0.0,,0.0,,0.0,0.0,,0.0,,0.0,,0.0,,,,,,,,,,,0.0,,,0.0,,0.0,0.0,,,,,,,,,,,0.0,,0.0,,,0.0,0.0,0.0,,0.0,0.0,0.0,0.0,0.0,,,,0.0,,,0.0,0.0,0.0,,0.0,0.0,,,0.0,,0.0,,,0.0,0.0,
1,,,,,,,,0.0,,,0.0,,,0.0,0.0,,,,0.0,,0.0,,,,,,,,0.0,0.0,,,,,,,0.0,0.0,,,9.272948151106249,,,,,,0.0,,,,0.0,,0.0,,,,,,0.0,0.0,,,,,,,,,,,0.0,,,0.0,0.0,,0.0,,0.0,,,,0.0,,,0.0,,,0.0,,,,0.0,,,,,0.0,,,,,,0.0,,0.0,,0.0,0.0,,0.0,0.0,,,0.0,0.0,0.0,,0.0,0.0,,,,,,,,,,,,,,,,,,,,,,,0.0,,,0.0,,0.0,,0.0,0.0,,9.272948151106249,,0.0,0.0,,0.0,,0.0,,0.0,,,,,,,,,,,0.0,,,0.0,,0.0,0.0,,,,,,,,,,,0.0,,0.0,,,0.0,0.0,0.0,,0.0,0.0,0.0,0.0,0.0,,,,0.0,,,0.0,0.0,0.0,,0.0,0.0,,,0.0,,0.0,,,0.0,0.0,
2,,,,,,,,0.0,,,0.0,,,0.0,0.0,,,,0.0,,0.0,,,,,,,,0.0,0.0,,,,,,,0.0,0.0,,,9.272948151106249,,,,,,0.0,,,,0.0,,0.0,,,,,,0.0,0.0,,,,,,,,,,,0.0,,,0.0,,,0.0,,0.0,,,,0.0,,,0.0,,,0.0,,,,0.0,,,,,0.0,,,,,,0.0,,0.0,,0.0,0.0,,0.0,0.0,,,0.0,0.0,0.0,,0.0,0.0,,,,,,,,,,,,,,,,,,,,,,,0.0,,,0.0,,0.0,,0.0,0.0,,9.272948151106249,,0.0,0.0,,0.0,,0.0,,0.0,,,,,,,,,,,0.0,,,0.0,,0.0,0.0,,,,,,,,,,,0.0,,0.0,,,0.0,0.0,0.0,,0.0,0.0,0.0,0.0,0.0,,,,0.0,,,0.0,0.0,0.0,,0.0,,,,0.0,,0.0,,,0.0,0.0,
3,,,,,,,,0.0,,,0.0,,,0.0,0.0,,,,0.0,,0.0,,,,,,,,0.0,0.0,,,,,,,0.0,0.0,,,9.272948151106249,,,,,,0.0,,,,0.0,,0.0,,,,,,8.056943309131281,0.0,,,,,,,,,,,0.0,,,0.0,0.0,,0.0,,0.0,,,,0.0,,,0.0,,,0.0,,,,0.0,,,,,0.0,,,,,,0.0,,0.0,,0.0,0.0,,0.0,0.0,,,0.0,0.0,0.0,,0.0,0.0,,,,,,,,,,,,,,,,,,,,,,,0.0,,,0.0,,0.0,,0.0,0.0,,9.272948151106249,,0.0,0.0,,0.0,,0.0,,0.0,,,,,,,,,,,0.0,,,0.0,,0.0,0.0,,,,,,,,,,,0.0,,0.0,,,4.306135258436866,0.0,0.0,,8.056943309131281,0.0,0.0,0.0,0.0,,,,0.0,,,0.0,0.0,0.0,,0.0,0.0,,,0.0,,0.0,,,4.306135258436866,0.0,
4,,,,,,,,,,,,,,,,,,,,,,,,,,,,,,,,,,,,,,,,,9.272948151106249,,,,,,,,,,,,,,,,,,8.056943309131281,,,,,,,,,,,,,,,,,,,,,,,,,,,,,,,,,,,,,,,,,,,,,,,,,,,,,,,,,,,,,,,,,,,,,,,,,,,,,,,,,,,,,,,,,,,,,,9.272948151106249,,,,,,,,,,,,,,,,,,,,,,,,,,,,,,,,,,,,,,,,,,4.306135258436866,,,,8.056943309131281,,,,,,,,,,,,,,,,,,,,,,,,4.306135258436866,,
5,,,,,,,,,,,,,,,,,,,,,,,,,,,,,,,,,,,,,,,,,9.272948151106249,,,,,,,,,,,,,,,,,,8.056943309131281,,,,,,,,,,,,,,,,,,,,,,,,,,,,,,,,,,,,,,,,,,,,,,,,,,,,,,,,,,,,,,,,,,,,,,,,,,,,,,,,,,,,,,,,,,,,,,9.272948151106249,,,,,,,,,,,,,,,,,,,,,,,,,,,,,,,,,,,,,,,,,,4.306135258436866,,,,8.056943309131281,,,,,,,,,,,,,,,,,,,,,,,,4.306135258436866,,
6,,,,,,,,,,,4.96921177879121,,,,,,,,,,,,,,,,,,,,,,,,,,,,,,9.272948151106249,,,,,,,,,,,,,,,,,,8.056943309131281,,,,,,,,,,,,,,,,,,,,,,,,,,,,,,,,,,,,,,,,,,,,,,,,,,,,,,,,,,,,,,,,,,,,,,,,,,,,,,,,,,,,,,,,,,,,4.96921177879121,,9.272948151106249,,,,,,,,,,,,,,,,,,,,,,,,,,,,,,,,,,,,,,,,,,4.306135258436866,,,,8.056943309131281,,,,,,,,,,,,,,,,,,,,,,,,4.306135258436866,,
7,,,,,,,,,,,4.96921177879121,,,,,,,,,,,,,,,,,,,,,,,,,,,,,,9.272948151106249,,,,,,,,,,,,,,,,,,8.056943309131281,,,,,,,,,,,,,,,,,,,,,,,,,,,,,,,,,,,,,,,,,,,,,,,,,,,,,,,,,,,,,,,,,,,,,,,,,,,,,,,,,,,,,,,,,,,,4.96921177879121,,9.272948151106249,,,,,,,,,,,,,,,,,,,,,,,,,,,,,,,,,,,,,,,,,,4.306135258436866,,,,8.056943309131281,,,,,,,,,,,,,,,,,,,,,,,,4.306135258436866,,
8,,9.580020105187597,,,,,,,,,4.96921177879121,,,,,9.580020105187597,,,,,,,,,,,,,,,,,,,,,,,,,9.272948151106249,,,,,,,,,,,,,,,,,,8.056943309131281,,,,,,,,,,,,,,,,,,,,,,,4.053949198627297,,,,,,,,,,,,,,4.053949198627297,,,,,,,,,,,,,,,,,,,,,,,,,,,,,,,,,,,,,,,,,,,,,,,,,,,,,,,4.96921177879121,,9.272948151106249,,,,,,,,,,,,,,,,,,,,,,,,,,,,,,,,,,,,,,,,,,4.306135258436866,,,,8.056943309131281,,,,,,,,,,,,,,,,,,,,,,,,4.306135258436866,,
9,,9.580020105187597,,,,,,,,,4.96921177879121,,,,,9.580020105187597,,,,,,,,,,,,,,,,,,,,,,,,,9.272948151106249,,,,,,,,,,,,,,,,,,8.056943309131281,,,,,,,,,,,,,,,,,,,,,,,4.053949198627297,,,,,,,,,,,,,,4.053949198627297,,,,,,,,,,,,,,,,,,,,,,,,,,,,,,,,,,,,,,,,,,,,,,,,,,,,,,,4.96921177879121,,9.272948151106249,,,,,,,,,,,,,,,,,,,,,,,,,,,,,,,,,,,,,,,,,,4.306135258436866,,,,8.056943309131281,,,,,,,,,,,,,,,,,,,,,,,,4.306135258436866,,
10,,9.580020105187597,,,,,,,,,4.96921177879121,,,,,9.580020105187597,,,,,,,,,,,,,,,,,,,,,,,,,9.272948151106249,,,,,,,,,,,,,,,,,,8.056943309131281,,,,,,,,,,,,,,,,,,,,,,,4.053949198627297,,,,,,,,,,,,,,4.053949198627297,,,,,,,,,,,,,,,,,,,,,,,,,,,,,,,,,,,,,,,,,,,,,,,,,,,,,,,4.96921177879121,,9.272948151106249,,,,,,,,,,,,,,,,,,,,,,,,,,,,,,,,,,,,,,,,,,4.306135258436866,,,,8.056943309131281,,,,,,,,,,,,,,,,,,,,,,,,4.306135258436866,,
11,,9.580020105187597,,,,,,,,,4.96921177879121,,,,,9.580020105187597,,,,,,,,,,,,,,,,,,,,,,,,,9.272948151106249,,,,,,,,,,,,,,,,,,8.056943309131281,,,,,,,,,,,,,,,,,,,,,,,4.053949198627297,,,,,,,,,,,,,,4.053949198627297,,,,,,,,,,,,,,,,,,,,,,,,,,,,,,,,,,,,,,,,,,,,,,,,,,,,,,,4.96921177879121,,9.272948151106249,,,,,,,,,11.128490477670148,,,,,,,,,,,,,,11.128490477670148,,,,,,,,,,,,,,,,,,,4.306135258436866,,,,8.056943309131281,,,,,,,,,,,,,,,,,,,,,,,,4.306135258436866,,
12,,9.580020105187597,,,,,,,,,4.96921177879121,,,,,9.580020105187597,,,,,,,,,,,7.024386306169014,,,,,,,,,,,,,,9.272948151106249,,,,,,,,,,,,,,,,,,8.056943309131281,,,,,,,,,,,,,,,,,,,,,,,4.053949198627297,,,,,,,,,,,,,,4.053949198627297,,,,,,,,,,,,,,,,,,,,,,,,,,,,,,,,,,,,,,,,,,,,,,,,,,,,8.364480681578453,,,4.96921177879121,,9.272948151106249,,,,,,,,,11.128490477670148,,,,,7.024386306169014,,,,,,,,,11.128490477670148,,,,,,,,,,,,,,8.364480681578453,,,,,4.306135258436866,,,,8.056943309131281,,,,,,,,,,,,,,,,,,,,,,,,4.306135258436866,,
13,,9.580020105187597,,,,,,,,,4.96921177879121,,,,,9.580020105187597,,,,,,,,,,,7.024386306169014,,,,,,,,,,,,,,9.272948151106249,,,,,,,,,,,,,,,,,,8.056943309131281,,,,,,,,,,,,,,,,,,,,,,,4.053949198627297,,,,,,,,,,,,,,4.053949198627297,,,,,,,,,,,,,,,,,,,,,,,,,,,,,,,,,,,,,,,,,,,,,,,,,,,,8.364480681578453,,,4.96921177879121,,9.272948151106249,,,,,,,,,11.128490477670148,,,,,7.024386306169014,,,,,,,,,11.128490477670148,,,,,,,,,,,,,,8.364480681578453,,,,,4.306135258436866,,,,8.056943309131281,,,,,,,,,,,,,,,,,,,,,,,,4.306135258436866,,
14,,9.580020105187597,,,,,,,,,4.96921177879121,,,,,9.580020105187597,,,,,,,,,,,7.024386306169014,,,,,,,,,,,,,,9.272948151106249,,,,,,,,,,,,,,,,,,8.056943309131281,,,,,,,,,,,,,,,,,,,,,,,4.053949198627297,,,,,,,,,,,,,,4.053949198627297,,,,,,,,,,,,,,,,,,,5.478070154289215,,,,,,,,,,,,,,,,,,,,,,,,,,,,5.478070154289215,,,,,8.364480681578453,,,4.96921177879121,,9.272948151106249,,,,,,,,,11.128490477670148,,,,,7.024386306169014,,,,,,,,,11.128490477670148,,,,,,,,,,,,,,8.364480681578453,,,,,4.306135258436866,,,,8.056943309131281,,,,,,,,,,,,,,,,,,,,,,,,4.306135258436866,,
15,,9.580020105187597,,,,,,,,,4.96921177879121,,,,,9.580020105187597,,,,,,,,,,,7.024386306169014,,,,,,,,,,,,,,9.272948151106249,,,,,,,,,,,,,,,,,,8.056943309131281,10.329896434779279,,,,,,,,,,,,,,,,,,,,,,4.053949198627297,,,,,,,,,,,,,,4.053949198627297,,,,,,,,,,,,,,,,,,,5.478070154289215,,,,,,,,,,,,,,,,,,,,,,,,,,,,5.478070154289215,,,,,8.364480681578453,,,4.96921177879121,,9.272948151106249,,,,,,,,,11.128490477670148,,,,,7.024386306169014,,,,,,,,,11.128490477670148,,,,,,,,,,,,,,8.364480681578453,,,,,4.306135258436866,,,,8.056943309131281,,,,,,,,,,,,,,,10.329896434779279,,,,,,,,,4.306135258436866,,
16,,9.580020105187597,,,,,,,,,4.96921177879121,,,,,9.580020105187597,,,,,,,,,,,7.024386306169014,,,,,,,,,,,,,,9.272948151106249,,,,,,,,,,,,,,,,,,8.056943309131281,10.329896434779279,,,,,,,,,,,,,,,,,,,,,,4.053949198627297,,,,,,,,,,,,,,4.053949198627297,,,,,,,,,,,,,,,,,,,5.478070154289215,,,,,,,,,,,,,,,,,,,,,,,,,,,,5.478070154289215,,,,,8.364480681578453,,,4.96921177879121,,9.272948151106249,,,,,,,,,11.128490477670148,,,,,7.024386306169014,,,,,,,,,11.128490477670148,,,,,,,,,,,,,,8.364480681578453,,,,,4.306135258436866,,,,8.056943309131281,,,,,,,,,,,,,,,10.329896434779279,,,,,,,,,4.306135258436866,,
17,,9.580020105187597,,,,,,,,,4.96921177879121,,,,,9.580020105187597,,,,,,,,,,,7.024386306169014,,,,,,,,,,,,,,9.272948151106249,,,,,,,,,,,,,,,,,,8.056943309131281,10.329896434779279,,,,,,,,,,,,,,,,,,,,,,4.053949198627297,,,,,,,,,,,,,,4.053949198627297,,,,,,,,,,,,,,,,,,,5.478070154289215,,,,,,,,,,,,,,,,,,,,,,,,,,,,5.478070154289215,,,,,8.364480681578453,,,4.96921177879121,,9.272948151106249,,,,,,,,,11.128490477670148,,,,,7.024386306169014,,,,,,,,,11.128490477670148,,,,,,,,,,,,,,8.364480681578453,,,,,4.306135258436866,,,,8.056943309131281,,,,,,,,,,,,,,,10.329896434779279,,,,,,,,,4.306135258436866,,
18,,9.580020105187597,,,,,,,,,4.96921177879121,,,,,9.580020105187597,,,,,,,,,,,7.024386306169014,,,,,,,,,,,,,,9.272948151106249,,,,,,,,,,,,,,,,,,8.056943309131281,10.329896434779279,,,,,,,,,,,,,,,,,,,,,,4.053949198627297,,,,,,,,,,,,,,4.053949198627297,,,,,,,,,,,,,,,,,,,5.478070154289215,,,,,,,,,,,,,,,,,,,,,,,,,,,,5.478070154289215,,,,,8.364480681578453,,,4.96921177879121,,9.272948151106249,,,,,,,,,11.128490477670148,,,,,7.024386306169014,,,,,,,,,11.128490477670148,,,,,,,,,,,,,,8.364480681578453,,,,,4.306135258436866,,,,8.056943309131281,,,,,,,,,,,,,,,10.329896434779279,,,,,,,,,4.306135258436866,,
19,,9.580020105187597,,,,,,,,,4.96921177879121,,,,,9.580020105187597,,,,,,,,,,,7.024386306169014,,,,,,,,,,,,,,9.272948151106249,,,,,,,,,,,,,,,,,,,,,,,,,,,,,,,,,,,,,,,,,4.053949198627297,,,,,,,,,,,,,,4.053949198627297,,,,,,,,,,,,,,,,,,,5.478070154289215,,,,,,,,,,,,,,,,,,,,,,,,,,,,5.478070154289215,,,,,8.364480681578453,,,4.96921177879121,,9.272948151106249,,,,,,,,,11.128490477670148,,,,,7.024386306169014,,,,,,,,,11.128490477670148,,,,,,,,,,,,,,8.364480681578453,,,,,4.306135258436866,,,,,,,,,,,,,,,,,,,,,,,,,,,,4.306135258436866,,
20,,9.580020105187597,,,,,,,,,4.96921177879121,,,,,9.580020105187597,,,,,,,,,,,7.024386306169014,,,,,,,,,,,,,,9.272948151106249,,,,,,,,,,,,,,,,,,8.056943309131281,10.329896434779279,,,,,,,,,,,,,,,,,,,,,,4.053949198627297,11.777919007789142,,,,,,,,,,,,,4.053949198627297,,,,,,,,,,,,,,,11.777919007789142,,,,5.478070154289215,,,,,,,,,,,,,,,,,,,,,,,,,,,,5.478070154289215,,,,,8.364480681578453,,,4.96921177879121,,9.272948151106249,,,,,,,,,11.128490477670148,,,,,7.024386306169014,,,,,,,,,11.128490477670148,,,,,,,,,,,,,,8.364480681578453,,,,,4.306135258436866,,,,8.056943309131281,,,,,,,,,,,,,,,10.329896434779279,,,,,,,,,4.306135258436866,,
21,,9.580020105187597,,,,,,,,,4.96921177879121,,,,,9.580020105187597,,,,,,,,,,,7.024386306169014,,,,,,,,,,,,,,9.272948151106249,,,,,,,,,,,,,,,,,,8.056943309131281,10.329896434779279,,,,,,,,,,,,,,,,,,,,,,4.053949198627297,11.777919007789142,,,,,,,,,,,,,4.053949198627297,,,,,,,,,,,,,,,11.777919007789142,,,,5.478070154289215,,,,,,,,,,,,,,,,,,,,,,,,,,,,5.478070154289215,,,,,8.364480681578453,,,4.96921177879121,,9.272948151106249,,,,,,,,,11.128490477670148,,,,,7.024386306169014,,,,,,,,,11.128490477670148,,,,,,,,,,,,,,8.364480681578453,,,,,4.306135258436866,,,,8.056943309131281,,,,,,,,,,,,,,,10.329896434779279,,,,,,,,,4.306135258436866,,
22,,9.580020105187597,,,,,,,,,4.96921177879121,,,,,9.580020105187597,,,,,,,,,,,7.024386306169014,,,,,,,,,,,,,,9.272948151106249,,,,,,,,,,,,,,,,,,8.056943309131281,10.329896434779279,,,,,,,,,,,,,,,,,,,,,,4.053949198627297,11.777919007789142,,,,,,,,,,,,,4.053949198627297,,,,,,,,,,,,,,,11.777919007789142,,,,5.478070154289215,,,,,,,,,,,,,,,,,,,,,,,,,,,,5.478070154289215,,,,,8.364480681578453,,,4.96921177879121,,9.272948151106249,,,,,,,,,11.128490477670148,,,,,7.024386306169014,,,,,,,,,11.128490477670148,,,,,,,,,,,,,,8.364480681578453,,,,,4.306135258436866,,,,8.056943309131281,,,,,,,,,,,,,,,10.329896434779279,,,,,,,,,4.306135258436866,,
23,,9.580020105187597,,,,,,,,,4.96921177879121,,,,,9.580020105187597,,,,,,,,,,,7.024386306169014,,,,,,,,,,,,,,9.272948151106249,,,,,,,,,,,,,,,,,,8.056943309131281,10.329896434779279,,,,,,,,,,,,,,,,,,,,,,4.053949198627297,11.777919007789142,,,,,,,,,,,,,4.053949198627297,,,,,,,,,,,,,,,11.777919007789142,,,,5.478070154289215,,,,,,,,,,,,,,,,,,,,,,,,,,,,5.478070154289215,,,,,8.364480681578453,,,4.96921177879121,,9.272948151106249,,,,,,,,,11.128490477670148,,,,,7.024386306169014,,,,,,,,,11.128490477670148,,,,,,,,,,,,,,8.364480681578453,,,,,4.306135258436866,,,,8.056943309131281,,,,,,,,,,,,,,,10.329896434779279,,,,,,,,,4.306135258436866,,
24,,9.580020105187597,,,,,,,,,4.96921177879121,,,,,9.580020105187597,,,,,,,,,,,7.024386306169014,,,,,,,,,,,,,,9.272948151106249,,,,,,,,,,,,,,,,,,8.056943309131281,10.329896434779279,,,,,,,,,,,,,,,,,,,,,,4.053949198627297,11.777919007789142,,,,,,,,,,,,,4.053949198627297,,,,,,,,,,,,,,,11.777919007789142,,,,5.478070154289215,,,,,,,,,,,,,,,,,,,,,,,,,,,,5.478070154289215,,,,,8.364480681578453,,,4.96921177879121,,9.272948151106249,,,,,,,,,11.128490477670148,,,,,7.024386306169014,,,,,,,,,11.128490477670148,,,,,,,,,,,,,,8.364480681578453,,,,,4.306135258436866,,,,8.056943309131281,,,,,,,,,,,,,,,10.329896434779279,,,,,,,,,4.306135258436866,,
25,,9.580020105187597,,,,,,,,,4.96921177879121,,,,,9.580020105187597,,,,,,,,,,,7.024386306169014,,,,,,,,,,,,,,9.272948151106249,,,,,,,,,,,,,,,,,,8.056943309131281,10.329896434779279,,,,,,,,,,,,,,,,,,,,,,4.053949198627297,11.777919007789142,,,,,,,,,,,,,4.053949198627297,,,,,,,,,,,,,,,11.777919007789142,,,,5.478070154289215,,,,,,,,,,,,,,,,,,,,,,,,,,,,5.478070154289215,,,,,8.364480681578453,,,4.96921177879121,,9.272948151106249,,,,,,,,,11.128490477670148,,,,,7.024386306169014,,,,,,,,,11.128490477670148,,,,,,,,,,,,,,8.364480681578453,,,,,4.306135258436866,,,,8.056943309131281,,,,,,,,,,,,,,,10.329896434779279,,,,,,,,,4.306135258436866,,
26,,9.580020105187597,,,,,,,,,4.96921177879121,,,,,9.580020105187597,,,,,,,,,,,7.024386306169014,,,,,,,,,,,,,,9.272948151106249,,,,,,,,,,,,,,,,,,8.056943309131281,10.329896434779279,,,,,,,,,,,,,,,,,,,,,,4.053949198627297,11.777919007789142,,,,,,,,,,,,,4.053949198627297,,,,,,,,,,,,,,,11.777919007789142,,,,5.478070154289215,,,,,,,,,,,,,,,,,,,,,,,,,,,,5.478070154289215,,,,,8.364480681578453,,,4.96921177879121,,9.272948151106249,,,,,,,,,11.128490477670148,,,,,7.024386306169014,,,,,,,,,11.128490477670148,,,,,,,,,,,,,,8.364480681578453,,,,,4.306135258436866,,,,8.056943309131281,,,,,,,,,,,,,,,10.329896434779279,,,,,,,,,4.306135258436866,,
27,,9.580020105187597,,,,,,,,,4.96921177879121,,,,,9.580020105187597,,,,,,,,,,,7.024386306169014,,,,,,,,,,,,,,9.272948151106249,,,,,,,,,,,,,,,,,,8.056943309131281,10.329896434779279,,,,,,,,,,,,,,,,,,,,,,4.053949198627297,11.777919007789142,,,,,,,,,,,,,4.053949198627297,,,,,,,,,,,,,,,11.777919007789142,,,,5.478070154289215,,,,,,,,,,,,,,,,,,,,,,,,,,,,5.478070154289215,,,,,8.364480681578453,,,4.96921177879121,,9.272948151106249,,,,,,,,,11.128490477670148,,,,,7.024386306169014,,,,,,,,,11.128490477670148,,,,,,,,,,,,,,8.364480681578453,,,,,4.306135258436866,,,,8.056943309131281,,,,,,,,,,,,,,,10.329896434779279,,,,,,,,,4.306135258436866,,
28,,9.580020105187597,,,,,,,,,4.96921177879121,,,,,9.580020105187597,,,,,,,,,,,7.024386306169014,,,,,,,,,,,,,,9.272948151106249,,,,,,,,,,,,,,,,,,8.056943309131281,10.329896434779279,,,,,,,,,,,,,,,,,,,,,,4.053949198627297,11.777919007789142,,,,,,,,,,,,,4.053949198627297,,,,,,,,,,,,,,,11.777919007789142,,,,5.478070154289215,,,,,,,,,,,,,,,,,,,,,,,,,,,,5.478070154289215,,,,,8.364480681578453,,,4.96921177879121,,9.272948151106249,,,,,,,,,11.128490477670148,,,,,7.024386306169014,,,,,,,,,11.128490477670148,,,,,,,,,,,,,,8.364480681578453,,,,,4.306135258436866,,,,8.056943309131281,,,,,,,,,,,,,,,10.329896434779279,,,,,,,,,4.306135258436866,,
29,,9.580020105187597,,,,,,,,,4.96921177879121,,,,,9.580020105187597,,,,,,,,,,,7.024386306169014,,,,,,,,,,,,,,9.272948151106249,,,,,,,,,,,,,,,,,,8.056943309131281,10.329896434779279,,,,,,,,,,,,,,,,,,,,,,4.053949198627297,11.777919007789142,,,,,,,,,,,,,4.053949198627297,,,,,,,,,,,,,,,11.777919007789142,,,,5.478070154289215,,,,,,,,,,,,,,,,,,,,,,,,,,,,5.478070154289215,,,,,8.364480681578453,,,4.96921177879121,,9.272948151106249,,,,,,,,,11.128490477670148,,,,,7.024386306169014,,,,,,,,,11.128490477670148,,,,,,,,,,,,,,8.364480681578453,,,,,4.306135258436866,,,,8.056943309131281,,,,,,,,,,,,,,,10.329896434779279,,,,,,,,,4.306135258436866,,
30,,9.580020105187597,,,,,,,,,4.96921177879121,,,,,9.580020105187597,,,,,,,,,,,7.024386306169014,,,,,,,,,,,,,,9.272948151106249,,,,,,,,,,,,,,,,,,8.056943309131281,10.329896434779279,,,,,,,,,,,,,,,,,,,,,,4.053949198627297,11.777919007789142,,,,,,,,,,,,,4.053949198627297,,,,,,,,,,,,,,,11.777919007789142,,,,5.478070154289215,,,,,,,,,,,,,,,,,,,,,,,,,,,,5.478070154289215,,,,,8.364480681578453,,,4.96921177879121,,9.272948151106249,,,,,,,,,11.128490477670148,,,,,7.024386306169014,,,,,,,,,11.128490477670148,,,,,,,,,,,,,,8.364480681578453,,,,,4.306135258436866,,,,8.056943309131281,,,,,,,,,,,,,,,10.329896434779279,,,,,,,,,4.306135258436866,,
31,,9.580020105187597,,,,,,,,,4.96921177879121,,,,,9.580020105187597,,,,,,,,,,,7.024386306169014,,,,,,,,,,,,,,9.272948151106249,,,,,,,,,,,,,,,,,,8.056943309131281,10.329896434779279,,,,,,,,,,,,,,,,,,,,,,4.053949198627297,11.777919007789142,,,,,,,,,,,,,4.053949198627297,,,,,,,,,,,,,,,11.777919007789142,,,,5.478070154289215,,,,,,,,,,,,,,,,,,,,,,,,,,,,5.478070154289215,,,,,8.364480681578453,,,4.96921177879121,,9.272948151106249,,,,,,,,,11.128490477670148,,,,,7.024386306169014,,,,,,,,,11.128490477670148,,,,,,,,,,,,,,8.364480681578453,,,,,4.306135258436866,,,,8.056943309131281,,,,,,,,,,,,,,,10.329896434779279,,,,,,,,,4.306135258436866,,
32,,9.580020105187597,,,,,,,,,4.96921177879121,,,,,9.580020105187597,,,,,,,,,,,7.024386306169014,,,,,,,,,,,,,,9.272948151106249,,,,,,,,,,,,,,,,,,8.056943309131281,10.329896434779279,,,,,,,,,,,,,,,,,,,,,,4.053949198627297,11.777919007789142,,,,,,,,,,,,,4.053949198627297,,,,,,,,,,,,,,,11.777919007789142,,,,5.478070154289215,,,,,,,,,,,,,,,,,,,,,,,,,,,,5.478070154289215,,,,,8.364480681578453,,,4.96921177879121,,9.272948151106249,,,,,,,,,11.128490477670148,,,,,7.024386306169014,,,,,,,,,11.128490477670148,,,,,,,,,,,,,,8.364480681578453,,,,,4.306135258436866,,,,8.056943309131281,,,,,,,,,,,,,,,10.329896434779279,,,,,,,,,4.306135258436866,,
33,,9.580020105187597,,,,,,,,,4.96921177879121,,,,,9.580020105187597,,,,,,,,,,,7.024386306169014,,,,,,,,,,,,,,9.272948151106249,,,,,,,,,,,,,,,,,,8.056943309131281,10.329896434779279,,,,,,,,,,,,,,,,,,,,,,4.053949198627297,11.777919007789142,,,,,,,,,,,,,4.053949198627297,,,,,,,,,,,,,,,11.777919007789142,,,,5.478070154289215,,,,,,,,,,,,,,,,,,,,,,,,,,,,5.478070154289215,,,,,8.364480681578453,,,4.96921177879121,,9.272948151106249,,,,,,,,,11.128490477670148,,,,,7.024386306169014,,,,,,,,,11.128490477670148,,,,,,,,,,,,,,8.364480681578453,,,,,4.306135258436866,,,,8.056943309131281,,,,,,,,,,,,,,,10.329896434779279,,,,,,,,,4.306135258436866,,
34,,9.580020105187597,,,,,,,,,4.96921177879121,,,,,9.580020105187597,,,,,,,,,,,7.024386306169014,,,,,,,,,,,,,,9.272948151106249,,,,,,,,,,,,,,,,,,8.056943309131281,10.329896434779279,,,,,,,,,,,,,,,,,,,,,,4.053949198627297,11.777919007789142,,,,,,,,,,,,,4.053949198627297,,,,,,,,,,,,,,,11.777919007789142,,,,5.478070154289215,,,,,,,,,,,,,,,,,,,,,,,,,,,,5.478070154289215,,,,,8.364480681578453,,,4.96921177879121,,9.272948151106249,,,,,,,,,11.128490477670148,,,,,7.024386306169014,,,,,,,,,11.128490477670148,,,,,,,,,,,,,,8.364480681578453,,,,,4.306135258436866,,,,8.056943309131281,,,,,,,,,,,,,,,10.329896434779279,,,,,,,,,4.306135258436866,,
35,,9.580020105187597,,,,,,,,,4.96921177879121,,,,,9.580020105187597,,,,,,,,,,,7.024386306169014,,,,,,,,,,,,,,9.272948151106249,,,,,,,,,,,,,,,,,,8.056943309131281,10.329896434779279,,,,,,,,,,,,,,,,,,,,,,4.053949198627297,11.777919007789142,,,,,,,,,,,,,4.053949198627297,,,,,,,,,,,,,,,11.777919007789142,,,,5.478070154289215,,,,,,,,,,,,,,,,,,,,,,,,,,,,5.478070154289215,,,,,8.364480681578453,,,4.96921177879121,,9.272948151106249,,,,,,,,,11.128490477670148,,,,,7.024386306169014,,,,,,,,,11.128490477670148,,,,,,,,,,,,,,8.364480681578453,,,,,4.306135258436866,,,,8.056943309131281,,,,,,,,,,,,,,,10.329896434779279,,,,,,,,,4.306135258436866,,
36,,9.580020105187597,,,,,,,,,4.96921177879121,,,,,9.580020105187597,,,,,,,,,,,7.024386306169014,,,,,,,,,,,,,,9.272948151106249,,,,,,,,,,,,,,,,,,8.056943309131281,10.329896434779279,,,,,,,,,,,,,,,,,,,,,,4.053949198627297,11.777919007789142,,,,,,,,,,,,,4.053949198627297,,,,6.111654331153608,,,,,,,,,,,11.777919007789142,,,,5.478070154289215,,,,,,,,,,,,,,,,,,,,,,,,,,,6.111654331153608,5.478070154289215,,,,,8.364480681578453,,,4.96921177879121,,9.272948151106249,,,,,,,,,11.128490477670148,,,,,7.024386306169014,,,,,,,,,11.128490477670148,,,10.264227896467698,,,,,,,,,,,8.364480681578453,,,,,4.306135258436866,,,,8.056943309131281,,,,,,,,10.264227896467698,,,,,,,10.329896434779279,,,,,,,,,4.306135258436866,,
37,,9.580020105187597,,,,,,,,,4.96921177879121,,,,,9.580020105187597,,,,,,,,,,,7.024386306169014,,,,,,,,,,,,,,9.272948151106249,,,,,,,,,,,,,,,,,,8.056943309131281,10.329896434779279,,,,,,,,,,,,,,,,,,,,,,4.053949198627297,11.777919007789142,,,,,,,,,,,,,4.053949198627297,,,,6.111654331153608,,,,,,,,,,,11.777919007789142,,,,5.478070154289215,,,,,,,,,,,,,,,,,,,,,,,,,,,6.111654331153608,5.478070154289215,,,,,8.364480681578453,,,4.96921177879121,,9.272948151106249,,,,,,,,,11.128490477670148,,,,,7.024386306169014,,,,,,,,,11.128490477670148,,,10.264227896467698,,,,,,,,,,,8.364480681578453,,,,,4.306135258436866,,,,8.056943309131281,,,,,,,,10.264227896467698,,,,,,,10.329896434779279,,,,,,,,,4.306135258436866,,
38,,9.580020105187597,,,,,,,,,4.96921177879121,,,,,9.580020105187597,,,,,,,,,,,7.024386306169014,,,,,,,,,,,,,,9.272948151106249,,,,,,,,,,,,,,,,,,8.056943309131281,10.329896434779279,,,,,,,,,,,,,,,,,,,,,,4.053949198627297,11.777919007789142,,,,,,,,,,,,,4.053949198627297,,,,6.111654331153608,,,,,,,,,,,11.777919007789142,,,,5.478070154289215,,,,,,,,,,,,,,,,,,,,,,,,,,,6.111654331153608,5.478070154289215,,,,,8.364480681578453,,4.224008149292806,4.96921177879121,,9.272948151106249,,,,,,,,,11.128490477670148,,,,,7.024386306169014,,,,,,,,,11.128490477670148,,,10.264227896467698,,,,,,,,,,,8.364480681578453,,,,,4.306135258436866,,,,8.056943309131281,,,,,,,,10.264227896467698,,,,,,,10.329896434779279,,,,,,4.224008149292806,,,4.306135258436866,,
39,,9.580020105187597,,,,,,,,,4.96921177879121,,,,,9.580020105187597,,,,,,,,,,,7.024386306169014,,,,,,,,,,,,,,9.272948151106249,,,,,,,,,,,,,,,,,,8.056943309131281,10.329896434779279,,,,,,,,,,,,,,4.39016893654157,,,,,,,,4.053949198627297,11.777919007789142,,,,,,,,,,,,,4.053949198627297,,,,6.111654331153608,,,,,,,,,,,11.777919007789142,,,,5.478070154289215,,,,,,,,,,,,,,,,,,,,,,,,,,,6.111654331153608,5.478070154289215,,,,,8.364480681578453,,4.224008149292806,4.96921177879121,,9.272948151106249,,,,,,,,,11.128490477670148,,,,,7.024386306169014,,,,,,,,,11.128490477670148,,,10.264227896467698,,,,,,,,,,,8.364480681578453,,,,,4.306135258436866,,,,8.056943309131281,4.39016893654157,,,,,,,10.264227896467698,,,,,,,10.329896434779279,,,,,,4.224008149292806,,,4.306135258436866,,
40,,9.580020105187597,,,,,,,,,4.96921177879121,,,,,9.580020105187597,,,,,,,,,,,7.024386306169014,,,,,,,,,,,,,,9.272948151106249,,,,,,,,,,,,,,,,,,8.056943309131281,10.329896434779279,,,,,,,,,,,,,,4.39016893654157,,,,,,,,4.053949198627297,11.777919007789142,,,,,,,,,,,,,4.053949198627297,,,,6.111654331153608,,,,,,,,,,,11.777919007789142,,,,5.478070154289215,,,,,,,,,,,,,,,,,,,,,,,,,,,6.111654331153608,5.478070154289215,,,,,8.364480681578453,,4.224008149292806,4.96921177879121,,9.272948151106249,,,,,,,,,11.128490477670148,,,,,7.024386306169014,,,,,,,,,11.128490477670148,,,10.264227896467698,,,,,,,,,,,8.364480681578453,,,,,4.306135258436866,,,,8.056943309131281,4.39016893654157,,,,,,,10.264227896467698,,,,,,,10.329896434779279,,,,,,4.224008149292806,,,4.306135258436866,,
41,,9.580020105187597,,,,,,,,,4.96921177879121,,,,,9.580020105187597,,,,,,,,,,,7.024386306169014,,,,,,,,,,,,,,9.272948151106249,,,,,,,,,,,,,,,,,,8.056943309131281,10.329896434779279,,,,,,,,,,,,,,4.39016893654157,,,,,,,,4.053949198627297,11.777919007789142,,,,,,,,,,,,,4.053949198627297,,,,6.111654331153608,,,,,,,,,,,11.777919007789142,,,,5.478070154289215,,,,,,,,,,,,,,,,,,,,,,,,,,,6.111654331153608,5.478070154289215,,,,,8.364480681578453,,4.224008149292806,4.96921177879121,,9.272948151106249,,,,,,,,,11.128490477670148,,,,,7.024386306169014,,,,,,,,,11.128490477670148,,,10.264227896467698,,,,,,,,,,,8.364480681578453,,,,,4.306135258436866,,,,8.056943309131281,4.39016893654157,,,,,,,10.264227896467698,,,,,,,10.329896434779279,,,,,,4.224008149292806,,,4.306135258436866,,
42,,9.580020105187597,,,,,,,,,4.96921177879121,,,,,9.580020105187597,,,,,,,,,,,7.024386306169014,,,,,,,,,,,,,,9.272948151106249,,,,,,,,,,,,,,,,,,8.056943309131281,10.329896434779279,,,,,,,,,,,,,,4.39016893654157,,,,,,,,4.053949198627297,11.777919007789142,,,,,,,,,,,,,4.053949198627297,,,,6.111654331153608,,,,,,,,,,,11.777919007789142,,,,5.478070154289215,,,,,,,,,,,,,,,,,,,,,,,,,,,6.111654331153608,5.478070154289215,,,,,8.364480681578453,,4.224008149292806,4.96921177879121,,9.272948151106249,,,,,,,,,11.128490477670148,,,,,7.024386306169014,,,,,,,,,11.128490477670148,,,10.264227896467698,,,,,,,,,,,8.364480681578453,,,,,4.306135258436866,,,,8.056943309131281,4.39016893654157,,,,,,,10.264227896467698,,,,,,,10.329896434779279,,,,,,4.224008149292806,,,4.306135258436866,,
43,,9.580020105187597,,,,,,,,,4.96921177879121,,,,,9.580020105187597,,,,,,,,,,,7.024386306169014,,,,,,,,,,,,,,9.272948151106249,,,,,,,,,,,,,,,,,,8.056943309131281,10.329896434779279,,,,,,,,,,9.313011623133434,,,,4.39016893654157,,,,,,,,4.053949198627297,11.777919007789142,,,,,,,,,,,,,4.053949198627297,,,,6.111654331153608,,,,,,,,,,,11.777919007789142,,,,5.478070154289215,,,,,,,,,,,,,,,,,,,,,,,,,9.313011623133434,,6.111654331153608,5.478070154289215,,,,,8.364480681578453,9.692367780840497,4.224008149292806,4.96921177879121,,9.272948151106249,,,,,,,,,11.128490477670148,,,,,7.024386306169014,,,,,,,,,11.128490477670148,,,10.264227896467698,,,,,,,,,,,8.364480681578453,,,,,4.306135258436866,,,,8.056943309131281,4.39016893654157,,,,,9.692367780840497,,10.264227896467698,,,,,,,10.329896434779279,,,,,,4.224008149292806,,,4.306135258436866,,
44,,9.580020105187597,,,,,,,,,4.96921177879121,,,,,9.580020105187597,,,,,,,,,,,7.024386306169014,,,,,,,,,,,,,,9.272948151106249,,,,,,,,,,,,,,,,,,8.056943309131281,10.329896434779279,,,,,,,,,,9.313011623133434,,,,4.39016893654157,,,,,,,,4.053949198627297,11.777919007789142,,,,,,,,,,,,,4.053949198627297,,,,6.111654331153608,,,,,,,,,,,11.777919007789142,,,,5.478070154289215,,,,,,,,,,,,,,,,,,,,,,,,,9.313011623133434,,6.111654331153608,5.478070154289215,,,,,8.364480681578453,9.692367780840497,4.224008149292806,4.96921177879121,,9.272948151106249,,,,,,,,,11.128490477670148,,,,,7.024386306169014,,,,,,,,,11.128490477670148,,,10.264227896467698,,,,,,,,,,,8.364480681578453,,,,,4.306135258436866,,,,8.056943309131281,4.39016893654157,,,,,9.692367780840497,,10.264227896467698,,,,,,,10.329896434779279,,,,,,4.224008149292806,,,4.306135258436866,,
45,,9.580020105187597,,,,,,,,,4.96921177879121,,,,,9.580020105187597,,,,,,,,,,,7.024386306169014,,,,,,,,,,,,,,9.272948151106249,,,,,,,,,,,,,,,,,,8.056943309131281,10.329896434779279,,,,,,,,,,9.313011623133434,,,,4.39016893654157,,,,,,,,4.053949198627297,11.777919007789142,,,,,,,,,,,,,4.053949198627297,,,,6.111654331153608,,,,,,,,,,,11.777919007789142,,,,5.478070154289215,,,,,,,,,,,,,,,,,,,,,,,,,9.313011623133434,,6.111654331153608,5.478070154289215,,,,,8.364480681578453,9.692367780840497,4.224008149292806,4.96921177879121,,9.272948151106249,,,,,,,,,11.128490477670148,,,,,7.024386306169014,,,,,,,,,11.128490477670148,,,10.264227896467698,,,,,,,,,,,8.364480681578453,,,,,4.306135258436866,,,,8.056943309131281,4.39016893654157,,,,,9.692367780840497,,10.264227896467698,,,,,,,10.329896434779279,,,,,,4.224008149292806,,,4.306135258436866,,
46,,9.580020105187597,,,,,,,,,4.96921177879121,,,,,9.580020105187597,,,,,,,,,,,7.024386306169014,,,,,,,,,,,,,,9.272948151106249,,,,,,,,,,,,,,,,,,8.056943309131281,10.329896434779279,,,,,,,,,,9.313011623133434,,,,4.39016893654157,,,,,,,,4.053949198627297,11.777919007789142,,,,,,,,,,,,,4.053949198627297,,,,6.111654331153608,,,,,,,,,,,11.777919007789142,,,,5.478070154289215,,,,,,,,,,,,,,,,,,,,,,,,,9.313011623133434,,6.111654331153608,5.478070154289215,,,,,8.364480681578453,9.692367780840497,4.224008149292806,4.96921177879121,,9.272948151106249,,,,,,,,,11.128490477670148,,,,,7.024386306169014,,,,,,,,,11.128490477670148,,,10.264227896467698,,,,,,,,,,,8.364480681578453,,,,,4.306135258436866,,,,8.056943309131281,4.39016893654157,,,,,9.692367780840497,,10.264227896467698,,,,,,,10.329896434779279,,,,,,4.224008149292806,,,4.306135258436866,,
47,,9.580020105187597,,,,,,,,,4.96921177879121,,,,,9.580020105187597,,,,,,,,,,,7.024386306169014,,,,,,,,,,,,,,9.272948151106249,,,,,,,,,,,,,,,,,,8.056943309131281,10.329896434779279,,,,,,,,,,9.313011623133434,,,,4.39016893654157,,,,,,,,4.053949198627297,11.777919007789142,,,,,,,,,,,,,4.053949198627297,,,,6.111654331153608,,,,,,,,,,,11.777919007789142,,,,5.478070154289215,,,,,,,,,,,,,,,,,,,,,,,,,9.313011623133434,,6.111654331153608,5.478070154289215,,,,,8.364480681578453,9.692367780840497,4.224008149292806,4.96921177879121,,9.272948151106249,,,,,,,,,11.128490477670148,,,,,7.024386306169014,,,,,,,,,11.128490477670148,,,10.264227896467698,,,,,,,,,,,8.364480681578453,,,,,4.306135258436866,,,,8.056943309131281,4.39016893654157,,,,,9.692367780840497,,10.264227896467698,,,,,,,10.329896434779279,,,,,,4.224008149292806,,,4.306135258436866,,
48,,9.580020105187597,,,,,,,,,4.96921177879121,,,,,9.580020105187597,,,,,,,,,,,7.024386306169014,,,,,,,,,,,,,,9.272948151106249,,,,,,,,,,,,,,,,,,8.056943309131281,10.329896434779279,,,,,,,,,,9.313011623133434,,,,4.39016893654157,,,,,,,,4.053949198627297,11.777919007789142,,,,,,,,,,,,,4.053949198627297,,,,6.111654331153608,,,,,,,,,,,11.777919007789142,,,,5.478070154289215,,,,,,,,,,,,,,,,,,,,,,,,,9.313011623133434,,6.111654331153608,5.478070154289215,,,,,8.364480681578453,9.692367780840497,4.224008149292806,4.96921177879121,,9.272948151106249,,,,,,,,,11.128490477670148,,,,,7.024386306169014,,,,,,,,,11.128490477670148,,,10.264227896467698,,,,,,,,,,,8.364480681578453,,,,,4.306135258436866,,,,8.056943309131281,4.39016893654157,,,,,9.692367780840497,,10.264227896467698,,,,,,,10.329896434779279,,,,,,4.224008149292806,,,4.306135258436866,,
49,,9.580020105187597,,,,,,,,,4.96921177879121,,,,,9.580020105187597,,,,,,,,,,,7.024386306169014,,,,,,,,,,,,,,9.272948151106249,,,,,,,,,,,,,,,,,,8.056943309131281,10.329896434779279,,,,,,,,,,9.313011623133434,,,,4.39016893654157,,,,,,,,4.053949198627297,11.777919007789142,,,,,,,,,,,,,4.053949198627297,,,,6.111654331153608,,,,,,,,,,,11.777919007789142,,,,5.478070154289215,,,,,,,,,,,,,,,,,,,,,,,,,9.313011623133434,,6.111654331153608,5.478070154289215,,,,,8.364480681578453,9.692367780840497,4.224008149292806,4.96921177879121,,9.272948151106249,,,,,,,,,11.128490477670148,,,,,7.024386306169014,,,,,,,,,11.128490477670148,,,10.264227896467698,,,,,,,,,,,8.364480681578453,,,,,4.306135258436866,,,,8.056943309131281,4.39016893654157,,,,,9.692367780840497,,10.264227896467698,,,,,,,10.329896434779279,,,,,,4.224008149292806,,,4.306135258436866,,
50,,9.580020105187597,,,,,,,,,4.96921177879121,,,,,9.580020105187597,,,,,,,,,,,7.024386306169014,,,,,,,,,,,,,,9.272948151106249,,,,,,,,,,,,,,,,,,8.056943309131281,10.329896434779279,,,,,,,,,,9.313011623133434,,,,4.39016893654157,,,,,,,,4.053949198627297,11.777919007789142,,,,,,,,,,,,,4.053949198627297,,,,6.111654331153608,,,,,,,,,,,11.777919007789142,,,,5.478070154289215,,,,,,,,,,,,,,,,,,,,,,,,,9.313011623133434,,6.111654331153608,5.478070154289215,,,,,8.364480681578453,9.692367780840497,4.224008149292806,4.96921177879121,,9.272948151106249,,,,,,,,,11.128490477670148,,,,,7.024386306169014,,,,,,,,,11.128490477670148,,,10.264227896467698,,,,,,,,,,,8.364480681578453,,,,,4.306135258436866,,,,8.056943309131281,4.39016893654157,,,,,9.692367780840497,,10.264227896467698,,,,,,,10.329896434779279,,,,,,4.224008149292806,,,4.306135258436866,,
51,,9.580020105187597,,,,,,,,,4.96921177879121,,,,,9.580020105187597,,,,,,,,,,,7.024386306169014,,,,,,,,,,,,,,9.272948151106249,,,,,,,,,,,,,,,,,,8.056943309131281,10.329896434779279,,,,,,,,,,9.313011623133434,,,,4.39016893654157,,,,,,,,4.053949198627297,11.777919007789142,,,,,,,,,,,,,4.053949198627297,,,,6.111654331153608,,,,,,,,,,,11.777919007789142,,,,5.478070154289215,,,,,,,,,,,,,,,,,,,,,,,,,9.313011623133434,,6.111654331153608,5.478070154289215,,,,,8.364480681578453,9.692367780840497,4.224008149292806,4.96921177879121,,9.272948151106249,,,,,,,,,11.128490477670148,,,,,7.024386306169014,,,,,,,,,11.128490477670148,,,10.264227896467698,,,,,,,,,,,8.364480681578453,,,,,4.306135258436866,,,,8.056943309131281,4.39016893654157,,,,,9.692367780840497,,10.264227896467698,,,,,,,10.329896434779279,,,,,,4.224008149292806,,,4.306135258436866,,
52,,9.580020105187597,,,,,,,,,4.96921177879121,,,,,9.580020105187597,,,,,8.63260406987797,,,,,,7.024386306169014,,,,,,,,,,,,,,9.272948151106249,,,,,,,,,,,,,,,,,,8.056943309131281,10.329896434779279,,,,,,,,,,9.313011623133434,,,,4.39016893654157,,,8.63260406987797,,,,,4.053949198627297,11.777919007789142,,,,,,,,,,,,,4.053949198627297,,,,6.111654331153608,,,,,,,,,,,11.777919007789142,,,,5.478070154289215,,,,,,,,,,,,,,,,,,,,,,,,,9.313011623133434,,6.111654331153608,5.478070154289215,,,,,8.364480681578453,9.692367780840497,4.224008149292806,4.96921177879121,,9.272948151106249,,,,,,,,,11.128490477670148,,,,,7.024386306169014,,,,,,,,,11.128490477670148,,,10.264227896467698,,,,,,,,,,,8.364480681578453,,,,,4.306135258436866,,,,8.056943309131281,4.39016893654157,,,,,9.692367780840497,,10.264227896467698,,,,,,,10.329896434779279,,,,,,4.224008149292806,,,4.306135258436866,,
53,,9.580020105187597,,,,,,,,,4.96921177879121,,,,,9.580020105187597,,,,,8.63260406987797,,,,,,7.024386306169014,,,,,,,,,,,,,,9.272948151106249,,,,,,,,,,,,,,,,,,8.056943309131281,10.329896434779279,,,,,,,,,,9.313011623133434,,,,4.39016893654157,,,8.63260406987797,,,,,4.053949198627297,11.777919007789142,,,,,,,,,,,,,4.053949198627297,,,,6.111654331153608,,,,,,,,,,,11.777919007789142,,,,5.478070154289215,,,,,,,,,,,,,,,,,,,,,,,,,9.313011623133434,,6.111654331153608,5.478070154289215,,,,,8.364480681578453,9.692367780840497,4.224008149292806,4.96921177879121,,9.272948151106249,,,,,,,,,11.128490477670148,,,,,7.024386306169014,,,,,,,,,11.128490477670148,,,10.264227896467698,,,,,,,,,,,8.364480681578453,,,,,4.306135258436866,,,,8.056943309131281,4.39016893654157,,,,,9.692367780840497,,10.264227896467698,,,,,,,10.329896434779279,,,,,,4.224008149292806,,,4.306135258436866,,
54,,9.580020105187597,,,,,,,,,4.96921177879121,,,,,9.580020105187597,,,,,8.63260406987797,,,,,,7.024386306169014,,,,,,,,,,,,,,9.272948151106249,,,,,,,,,,,,,,,,,,8.056943309131281,10.329896434779279,,,,,,,,,,9.313011623133434,,,,4.39016893654157,,,8.63260406987797,,,,,4.053949198627297,11.777919007789142,,,,,,,,,,,,,4.053949198627297,,,,6.111654331153608,,,,,,,,,,,11.777919007789142,,,,5.478070154289215,,,,,,,,,,,,,,,,,,,,,,,,,9.313011623133434,,6.111654331153608,5.478070154289215,,,,,8.364480681578453,9.692367780840497,4.224008149292806,4.96921177879121,,9.272948151106249,,,,,,,,,11.128490477670148,,,,,7.024386306169014,,,,,,,,,11.128490477670148,,,10.264227896467698,,,,,,,,,,,8.364480681578453,,,,,4.306135258436866,,,,8.056943309131281,4.39016893654157,,,,,9.692367780840497,,10.264227896467698,,,,,,,10.329896434779279,,,,,,4.224008149292806,,,4.306135258436866,,
55,,9.580020105187597,,,,,,,,,4.96921177879121,,,,,9.580020105187597,,,,,8.63260406987797,,,,,,7.024386306169014,,,,,,,,,,,,,,9.272948151106249,,,,,,,,,,,,,,,,,,8.056943309131281,10.329896434779279,,,,,,,,,,9.313011623133434,,,,4.39016893654157,,,8.63260406987797,,,,,4.053949198627297,11.777919007789142,,,,,,,,,,,,,4.053949198627297,,,,6.111654331153608,,,,,,,,,,,11.777919007789142,,,,5.478070154289215,,,,,,,,,,,,,,,,,,,,,,,,,9.313011623133434,,6.111654331153608,5.478070154289215,,,,,8.364480681578453,9.692367780840497,4.224008149292806,4.96921177879121,,9.272948151106249,,,,,,,,,11.128490477670148,,,,,7.024386306169014,,,,,,,,,11.128490477670148,,,10.264227896467698,,,,,,,,,,,8.364480681578453,,,,,4.306135258436866,,,,8.056943309131281,4.39016893654157,,,,,9.692367780840497,,10.264227896467698,,,5.258298615606596,,,,10.329896434779279,,,,,,4.224008149292806,,,4.306135258436866,5.258298615606596,
56,,9.580020105187597,,,,,,,,,4.96921177879121,,,,,9.580020105187597,,,,,8.63260406987797,,,,,,7.024386306169014,,,,,,,,,,,,,,9.272948151106249,,,,,,,,,,,,,,,,,,8.056943309131281,10.329896434779279,,,,,,,,,,9.313011623133434,4.153453711720496,,,4.39016893654157,,,8.63260406987797,,,,,4.053949198627297,11.777919007789142,,,,,,,,,,,,,4.053949198627297,,,,6.111654331153608,,,,,,,,,,,11.777919007789142,,,,5.478070154289215,,,,,,,,,,,,,,,,,,,,,,,,,9.313011623133434,,6.111654331153608,5.478070154289215,,,,,8.364480681578453,9.692367780840497,4.224008149292806,4.96921177879121,,9.272948151106249,,4.153453711720496,,,,,,,11.128490477670148,,,,,7.024386306169014,,,,,,,,,11.128490477670148,,,10.264227896467698,,,,,,,,,,,8.364480681578453,,,,,4.306135258436866,,,,8.056943309131281,4.39016893654157,,,,,9.692367780840497,,10.264227896467698,,,5.258298615606596,,,,10.329896434779279,,,,,,4.224008149292806,,,4.306135258436866,5.258298615606596,
57,,9.580020105187597,,,,,,,,,4.96921177879121,,,,,9.580020105187597,,,,,8.63260406987797,,,,,,7.024386306169014,,,,,,,,,,,,,,9.272948151106249,,,,,,,,,,,,,,,,,,8.056943309131281,10.329896434779279,,,,,,,,,,9.313011623133434,4.153453711720496,,,4.39016893654157,,,8.63260406987797,,,,,4.053949198627297,11.777919007789142,,,,,,,,,,,,,4.053949198627297,,,,6.111654331153608,,,,,,,,,,,11.777919007789142,,,,5.478070154289215,,,,,,,,,,,,,,,,,,,,,,,,,9.313011623133434,,6.111654331153608,5.478070154289215,,,,,8.364480681578453,9.692367780840497,4.224008149292806,4.96921177879121,,9.272948151106249,,4.153453711720496,,,,,,,11.128490477670148,,,,,7.024386306169014,,,,,,,,,11.128490477670148,,,10.264227896467698,,,,,,,,,,,8.364480681578453,,,,,4.306135258436866,,,,8.056943309131281,4.39016893654157,,,,,9.692367780840497,,10.264227896467698,,,,,,,10.329896434779279,,,,,,4.224008149292806,,,4.306135258436866,,
58,,9.580020105187597,,,,,,,,,4.96921177879121,,,,,9.580020105187597,,,,,8.63260406987797,,,,,,7.024386306169014,,,,,,,,,,,7.134220586183886,,,9.272948151106249,,,,,,,,,,,,,,,,,,8.056943309131281,10.329896434779279,,,,,,,,,,9.313011623133434,4.153453711720496,,,4.39016893654157,,,8.63260406987797,,,,,4.053949198627297,11.777919007789142,,,,,,,,,,,,,4.053949198627297,,,,6.111654331153608,,,,,,,,7.134220586183886,,,11.777919007789142,,,,5.478070154289215,,,,,,,,,,,,,,,,,,,,,,,,,9.313011623133434,,6.111654331153608,5.478070154289215,,,,,8.364480681578453,9.692367780840497,4.224008149292806,4.96921177879121,,9.272948151106249,,4.153453711720496,,,,,,,11.128490477670148,,,,,7.024386306169014,,,,,,,,,11.128490477670148,,,10.264227896467698,,,,,,,,,,,8.364480681578453,,,,,4.306135258436866,,,,8.056943309131281,4.39016893654157,,,,,9.692367780840497,,10.264227896467698,,,5.258298615606596,,,,10.329896434779279,,,,,,4.224008149292806,,,4.306135258436866,5.258298615606596,
59,,9.580020105187597,,,,,,,,,4.96921177879121,,,,,9.580020105187597,,,,,8.63260406987797,,,,,,7.024386306169014,,,,,,,,,,,7.134220586183886,,,9.272948151106249,,,,,,,,,,,,,,,,,,8.056943309131281,10.329896434779279,,,,,,,,,,9.313011623133434,4.153453711720496,,,4.39016893654157,,,8.63260406987797,,,,,4.053949198627297,11.777919007789142,,,,,,,,,,,,,4.053949198627297,,,,6.111654331153608,,,,,,,,7.134220586183886,,,11.777919007789142,,,,5.478070154289215,,,,,,,,,,,,,,,,,,,,,,,,,9.313011623133434,,6.111654331153608,5.478070154289215,,,,,8.364480681578453,9.692367780840497,4.224008149292806,4.96921177879121,,9.272948151106249,,4.153453711720496,,,,,,,11.128490477670148,,,,,7.024386306169014,,,,,,,,,11.128490477670148,,,10.264227896467698,,,,,,,,,,,8.364480681578453,,,,,4.306135258436866,,,,8.056943309131281,4.39016893654157,,,,,9.692367780840497,,10.264227896467698,,,5.258298615606596,,,,10.329896434779279,,,,,,4.224008149292806,,,4.306135258436866,5.258298615606596,
60,,9.580020105187597,,,,,,6.458998198865708,,,4.96921177879121,,,,,9.580020105187597,,,,,8.63260406987797,,,,,,7.024386306169014,,,,,,,,,,,7.134220586183886,,,9.272948151106249,,,,,,,,,,9.447420204338432,,,,,,,,8.056943309131281,10.329896434779279,,,,,,,,,,9.313011623133434,4.153453711720496,,,4.39016893654157,,,8.63260406987797,,9.447420204338432,,,4.053949198627297,11.777919007789142,,,,,,,,,,,,,4.053949198627297,,,,6.111654331153608,,,,,,6.458998198865708,,7.134220586183886,,,11.777919007789142,,,,5.478070154289215,,,,,,,,,,,,,,,,,,,,,,,,,9.313011623133434,,6.111654331153608,5.478070154289215,,,,,8.364480681578453,9.692367780840497,4.224008149292806,4.96921177879121,,9.272948151106249,,4.153453711720496,,,,,,,11.128490477670148,,,,,7.024386306169014,,,,,,,,,11.128490477670148,,,10.264227896467698,,,,,,,,,,,8.364480681578453,,,,,4.306135258436866,,,,8.056943309131281,4.39016893654157,,,,,9.692367780840497,,10.264227896467698,,,5.258298615606596,,,,10.329896434779279,,,,,,4.224008149292806,,,4.306135258436866,5.258298615606596,
61,,9.580020105187597,,,,,,6.458998198865708,,,4.96921177879121,,,,,9.580020105187597,,,,,8.63260406987797,,,,,,7.024386306169014,,,,,,,,,,,7.134220586183886,,,9.272948151106249,,,,,,,,,,9.447420204338432,,,,,,,,8.056943309131281,10.329896434779279,,,,,,,,,,9.313011623133434,4.153453711720496,,,4.39016893654157,,,8.63260406987797,,9.447420204338432,,,4.053949198627297,11.777919007789142,,,,,,,,,,,,,4.053949198627297,,,,6.111654331153608,,,,,,6.458998198865708,,7.134220586183886,,,11.777919007789142,,,,5.478070154289215,,,,,,,,,,,,,,,,,,,,,,,,,9.313011623133434,,6.111654331153608,5.478070154289215,,,,,8.364480681578453,9.692367780840497,4.224008149292806,4.96921177879121,,9.272948151106249,,4.153453711720496,,,,,,,11.128490477670148,,,,,7.024386306169014,,,,,,,,,11.128490477670148,,,10.264227896467698,,,,,,,,,,,8.364480681578453,,,,,4.306135258436866,,,,8.056943309131281,4.39016893654157,,,,,9.692367780840497,,10.264227896467698,,,5.258298615606596,,,,10.329896434779279,,,,,,4.224008149292806,,,4.306135258436866,5.258298615606596,
62,,9.580020105187597,,,,,,6.458998198865708,,,4.96921177879121,,,,,9.580020105187597,,,,,8.63260406987797,,,,,,7.024386306169014,,,,,,,,,,,7.134220586183886,,,9.272948151106249,,,,,,,,,,9.447420204338432,,,,,,,,8.056943309131281,10.329896434779279,,,,,,,,,,9.313011623133434,4.153453711720496,,,4.39016893654157,,,8.63260406987797,,9.447420204338432,,,4.053949198627297,11.777919007789142,,,,,,,,,,,,,4.053949198627297,,,,6.111654331153608,,,,,,6.458998198865708,,7.134220586183886,,,11.777919007789142,,,,5.478070154289215,,,,,,,,,,,,,,,,,,,,,,,,,9.313011623133434,,6.111654331153608,5.478070154289215,,,,,8.364480681578453,9.692367780840497,4.224008149292806,4.96921177879121,,9.272948151106249,,4.153453711720496,,,,,,,11.128490477670148,,,,,7.024386306169014,,,,,,,,,11.128490477670148,,,10.264227896467698,,,,,,,,,,,8.364480681578453,,,,,4.306135258436866,,,,8.056943309131281,4.39016893654157,,,,,9.692367780840497,,10.264227896467698,,,5.258298615606596,,,,10.329896434779279,,,,,,4.224008149292806,,,4.306135258436866,5.258298615606596,
63,,9.580020105187597,,,,,,6.458998198865708,,,4.96921177879121,,,,,9.580020105187597,,,,,8.63260406987797,,,,,,7.024386306169014,,,,,,,,,,,7.134220586183886,,,9.272948151106249,,,,,,,,,,9.447420204338432,,,,,,,,8.056943309131281,10.329896434779279,,,,,,,,,,9.313011623133434,4.153453711720496,,,4.39016893654157,,,8.63260406987797,,9.447420204338432,,,4.053949198627297,11.777919007789142,,,,,,,,,,,,,4.053949198627297,,,,6.111654331153608,,,,,,6.458998198865708,,7.134220586183886,,,11.777919007789142,,,,5.478070154289215,,,,,,,,,,,,,,,,,,,,,,,,,9.313011623133434,,6.111654331153608,5.478070154289215,,,,,8.364480681578453,9.692367780840497,4.224008149292806,4.96921177879121,,9.272948151106249,,4.153453711720496,,,,,,,11.128490477670148,,,,,7.024386306169014,,,,,,,,,11.128490477670148,,,10.264227896467698,,,,,,,,,,,8.364480681578453,,,,,4.306135258436866,,,,8.056943309131281,4.39016893654157,,,,,9.692367780840497,,10.264227896467698,,,5.258298615606596,,,,10.329896434779279,,,,,,4.224008149292806,,,4.306135258436866,5.258298615606596,
64,,,,,,,,6.458998198865708,,,4.96921177879121,,,,,,,,,,8.63260406987797,,,,,,,,,,,,,,,,,7.134220586183886,,,9.272948151106249,,,,,,,,,,9.447420204338432,,,,,,,,,10.329896434779279,,,,,,,,,,9.313011623133434,4.153453711720496,,,4.39016893654157,,,8.63260406987797,,9.447420204338432,,,4.053949198627297,11.777919007789142,,,,,,,,,,,,,4.053949198627297,,,,6.111654331153608,,,,,,6.458998198865708,,7.134220586183886,,,11.777919007789142,,,,5.478070154289215,,,,,,,,,,,,,,,,,,,,,,,,,9.313011623133434,,6.111654331153608,5.478070154289215,,,,,8.364480681578453,9.692367780840497,4.224008149292806,4.96921177879121,,9.272948151106249,,4.153453711720496,,,,,,,11.128490477670148,,,,,,,,,,,,,,11.128490477670148,,,10.264227896467698,,,,,,,,,,,8.364480681578453,,,,,4.306135258436866,,,,,4.39016893654157,,,,,9.692367780840497,,10.264227896467698,,,5.258298615606596,,,,10.329896434779279,,,,,,4.224008149292806,,,4.306135258436866,5.258298615606596,
65,,9.580020105187597,,,,,,6.458998198865708,,,4.96921177879121,,,,,9.580020105187597,,,,,8.63260406987797,,,,,,7.024386306169014,,,,,,,,,,,7.134220586183886,,,9.272948151106249,,,,,,,,,,9.447420204338432,,,,,,,,8.056943309131281,10.329896434779279,,,,,,,,,,,4.153453711720496,,,4.39016893654157,,,8.63260406987797,,9.447420204338432,,,4.053949198627297,11.777919007789142,,,,,,,,,,,,,4.053949198627297,,,,6.111654331153608,,,,,,6.458998198865708,,7.134220586183886,,,11.777919007789142,,,,5.478070154289215,,,,,,,,,,,,,,,,,,,,,,,,,,,6.111654331153608,5.478070154289215,,,,,8.364480681578453,9.692367780840497,4.224008149292806,4.96921177879121,,9.272948151106249,,4.153453711720496,,,,,,,11.128490477670148,,,,,7.024386306169014,,,,,,,,,11.128490477670148,,,10.264227896467698,,,,,,,,,,,8.364480681578453,,,,,4.306135258436866,,,,8.056943309131281,4.39016893654157,,,,,9.692367780840497,,10.264227896467698,,,5.258298615606596,,,,10.329896434779279,,,,,,4.224008149292806,,,4.306135258436866,5.258298615606596,
66,,9.580020105187597,,,,,,6.458998198865708,,,4.96921177879121,,,,,9.580020105187597,,,,,8.63260406987797,,,,,,7.024386306169014,,,,,,,,,,,7.134220586183886,,,9.272948151106249,,,,,,,,,,9.447420204338432,,,,,,,,8.056943309131281,10.329896434779279,,,,,,,,,,9.313011623133434,4.153453711720496,,,4.39016893654157,,,8.63260406987797,,9.447420204338432,,,4.053949198627297,11.777919007789142,,,,,,,,,,,,,4.053949198627297,,,,6.111654331153608,,,,,,6.458998198865708,,7.134220586183886,,,11.777919007789142,,,,5.478070154289215,,,,,,,,,,,,,,,,,,,,,,,,,9.313011623133434,,6.111654331153608,5.478070154289215,,,,,8.364480681578453,9.692367780840497,4.224008149292806,4.96921177879121,,9.272948151106249,,4.153453711720496,,,,,,,11.128490477670148,,,,,7.024386306169014,,,,,,,,,11.128490477670148,,,10.264227896467698,,,,,,,,,,,8.364480681578453,,,,,4.306135258436866,,,,8.056943309131281,4.39016893654157,,,,,9.692367780840497,,10.264227896467698,,,5.258298615606596,,,,10.329896434779279,,,,,,4.224008149292806,,,4.306135258436866,5.258298615606596,
67,,9.580020105187597,,,,,,6.458998198865708,,,4.96921177879121,,,,10.237173147047809,9.580020105187597,,,,,8.63260406987797,,,,,,7.024386306169014,,,,,,,,,,,7.134220586183886,,,9.272948151106249,,,,,,,,,,9.447420204338432,,,,,,,,8.056943309131281,10.329896434779279,,,,,,,,,,9.313011623133434,4.153453711720496,,,4.39016893654157,,,8.63260406987797,,9.447420204338432,,,4.053949198627297,11.777919007789142,,,,,,,,,,,,,4.053949198627297,,,,6.111654331153608,,,,,,6.458998198865708,,7.134220586183886,,,11.777919007789142,,,,5.478070154289215,,,,,,,,,,,,,,,,,,,,,,,,,9.313011623133434,,6.111654331153608,5.478070154289215,,,,,8.364480681578453,9.692367780840497,4.224008149292806,4.96921177879121,,9.272948151106249,,4.153453711720496,,,,,,,11.128490477670148,,,,,7.024386306169014,,,,,,,,,11.128490477670148,,,10.264227896467698,,,,,,,,,,,8.364480681578453,,,,,4.306135258436866,,,,8.056943309131281,4.39016893654157,,,,,9.692367780840497,,10.264227896467698,,,5.258298615606596,10.237173147047809,,,10.329896434779279,,,,,,4.224008149292806,,,4.306135258436866,5.258298615606596,
68,,9.580020105187597,,,,,,6.458998198865708,,,4.96921177879121,,,,10.237173147047809,9.580020105187597,,,,,8.63260406987797,,,,,,7.024386306169014,,,,,,,,,,,7.134220586183886,,,9.272948151106249,,,,,,,,,,9.447420204338432,,,,,,,,8.056943309131281,10.329896434779279,,,,,,,,,,9.313011623133434,4.153453711720496,,,4.39016893654157,,,8.63260406987797,,9.447420204338432,,,4.053949198627297,11.777919007789142,,,,,,,,,,,,,4.053949198627297,,,,6.111654331153608,,,,,,6.458998198865708,,7.134220586183886,,,11.777919007789142,,,,5.478070154289215,,,,,,,,,,,,,,,,,,,,,,,,,9.313011623133434,,6.111654331153608,5.478070154289215,,,,,8.364480681578453,,4.224008149292806,4.96921177879121,,9.272948151106249,,4.153453711720496,,,,,,,11.128490477670148,,,,,7.024386306169014,,,,,,,,,11.128490477670148,,,10.264227896467698,,,,,,,,,,,8.364480681578453,,,,,4.306135258436866,,,,8.056943309131281,4.39016893654157,,,,,,,10.264227896467698,,,5.258298615606596,10.237173147047809,,,10.329896434779279,,,,,,4.224008149292806,,,4.306135258436866,5.258298615606596,
69,,9.580020105187597,,,,,,6.458998198865708,,,4.96921177879121,,,,10.237173147047809,9.580020105187597,,,,,8.63260406987797,,,,,,7.024386306169014,,,,,,,,,,,7.134220586183886,,,9.272948151106249,,,,,,,,,,9.447420204338432,,,,,,,,8.056943309131281,10.329896434779279,,,,,,,,,,9.313011623133434,4.153453711720496,,,4.39016893654157,,,8.63260406987797,,9.447420204338432,,,4.053949198627297,11.777919007789142,,,,,,,,,,,,,4.053949198627297,,,,6.111654331153608,,,,,,6.458998198865708,,7.134220586183886,,,11.777919007789142,,,,5.478070154289215,,,,,,,,,,,,,,,,,,,,,,,,,9.313011623133434,,6.111654331153608,5.478070154289215,,,,,8.364480681578453,9.692367780840497,4.224008149292806,4.96921177879121,,9.272948151106249,,4.153453711720496,,,,,,,11.128490477670148,,,,,7.024386306169014,,,,,,,,,11.128490477670148,,,10.264227896467698,,,,,,,,,,,8.364480681578453,,,,,4.306135258436866,,,,8.056943309131281,4.39016893654157,,,,,9.692367780840497,,10.264227896467698,,,5.258298615606596,10.237173147047809,,,10.329896434779279,,,,,,4.224008149292806,,,4.306135258436866,5.258298615606596,
70,,9.580020105187597,,,,,,6.458998198865708,,,4.96921177879121,,,,10.237173147047809,9.580020105187597,,,,,8.63260406987797,,,,,,7.024386306169014,,,,,,,,,,,7.134220586183886,,,9.272948151106249,,,,,,,,,,9.447420204338432,,,,,,,,8.056943309131281,10.329896434779279,,,,,,,,,,9.313011623133434,4.153453711720496,,,4.39016893654157,,,8.63260406987797,,9.447420204338432,,,4.053949198627297,11.777919007789142,,,,,,,,,,,,,4.053949198627297,,,,6.111654331153608,,,,,,6.458998198865708,,7.134220586183886,,,11.777919007789142,,,,5.478070154289215,,,,,,,,,,,,,,,,,,,,,,,,,9.313011623133434,,6.111654331153608,5.478070154289215,,,,,8.364480681578453,9.692367780840497,4.224008149292806,4.96921177879121,,9.272948151106249,,4.153453711720496,,,,,,,11.128490477670148,,,,,7.024386306169014,,,,,,,,,11.128490477670148,,,10.264227896467698,,,,,,,,,,,8.364480681578453,,,,,4.306135258436866,,,,8.056943309131281,4.39016893654157,,,,,9.692367780840497,,10.264227896467698,,,5.258298615606596,10.237173147047809,,,10.329896434779279,,,,,,4.224008149292806,,,4.306135258436866,5.258298615606596,
71,,9.580020105187597,,,,,,6.458998198865708,,,4.96921177879121,,,,10.237173147047809,9.580020105187597,,,,,8.63260406987797,,,,,,7.024386306169014,,,,,,,,,,,7.134220586183886,,,9.272948151106249,,,,,,,,,,9.447420204338432,,,,,,,,8.056943309131281,10.329896434779279,,,,,,,,,,9.313011623133434,4.153453711720496,,,4.39016893654157,,,8.63260406987797,,9.447420204338432,,,4.053949198627297,11.777919007789142,,,,,,,,,,,,,4.053949198627297,,,,6.111654331153608,,,,,,6.458998198865708,,7.134220586183886,,,11.777919007789142,,,,5.478070154289215,,,,,,,,,,,,,,,,,,,,,,,,,9.313011623133434,,6.111654331153608,5.478070154289215,,,,,8.364480681578453,9.692367780840497,4.224008149292806,4.96921177879121,,9.272948151106249,,4.153453711720496,,,,,,,11.128490477670148,,,,,7.024386306169014,,,,,,,,,11.128490477670148,,,10.264227896467698,,,,,,,,,,,8.364480681578453,,,,,4.306135258436866,,,,8.056943309131281,4.39016893654157,,,,,9.692367780840497,,10.264227896467698,,,5.258298615606596,10.237173147047809,,,10.329896434779279,,,,,,4.224008149292806,,,4.306135258436866,5.258298615606596,
72,,9.580020105187597,,,,,,6.458998198865708,,,4.96921177879121,,,,10.237173147047809,9.580020105187597,,,,,8.63260406987797,,,,,,7.024386306169014,,,,,,,,,,,7.134220586183886,,,9.272948151106249,,,,,,,,,,9.447420204338432,,,,,,,,8.056943309131281,10.329896434779279,,,,,,,,,,9.313011623133434,4.153453711720496,,,4.39016893654157,,,8.63260406987797,,9.447420204338432,,,4.053949198627297,11.777919007789142,,,,,,,,,,,,,4.053949198627297,,,,6.111654331153608,,,,,,6.458998198865708,,7.134220586183886,,,11.777919007789142,,,,5.478070154289215,,,,,,,,,,,,,,,,,,,,,,,,,9.313011623133434,,6.111654331153608,5.478070154289215,,,,,8.364480681578453,9.692367780840497,4.224008149292806,4.96921177879121,,9.272948151106249,,4.153453711720496,,,,,,,11.128490477670148,,,,,7.024386306169014,,,,,,,,,11.128490477670148,,,10.264227896467698,,,,,,,,,,,8.364480681578453,,,,,4.306135258436866,,,,8.056943309131281,4.39016893654157,,,,,9.692367780840497,,10.264227896467698,,,5.258298615606596,10.237173147047809,,,10.329896434779279,,,,,,4.224008149292806,,,4.306135258436866,5.258298615606596,
73,,9.580020105187597,,,,,,6.458998198865708,,,4.96921177879121,,,,10.237173147047809,9.580020105187597,,,,,8.63260406987797,,,,,,7.024386306169014,,,,,,,,,,,7.134220586183886,,,9.272948151106249,,,,,,,,,,9.447420204338432,,,,,,,,8.056943309131281,10.329896434779279,,,,,,,,,,9.313011623133434,4.153453711720496,,,4.39016893654157,,,8.63260406987797,,9.447420204338432,,,4.053949198627297,11.777919007789142,,,,,,,,,,,,,4.053949198627297,,,,6.111654331153608,,,,,,6.458998198865708,,7.134220586183886,,,11.777919007789142,,,,5.478070154289215,,,,,,,,,,,,,,,,,,,,,,,,,9.313011623133434,,6.111654331153608,5.478070154289215,,,,,8.364480681578453,9.692367780840497,4.224008149292806,4.96921177879121,,9.272948151106249,,4.153453711720496,,,,,,,11.128490477670148,,,,,7.024386306169014,,,,,,,,,11.128490477670148,,,10.264227896467698,,,,,,,,,,,8.364480681578453,,,,,4.306135258436866,,,,8.056943309131281,4.39016893654157,,,,,9.692367780840497,,10.264227896467698,,,5.258298615606596,10.237173147047809,,,10.329896434779279,,,,,,4.224008149292806,,,4.306135258436866,5.258298615606596,
74,,9.580020105187597,,,,,,6.458998198865708,,,4.96921177879121,,,,10.237173147047809,9.580020105187597,,,,,8.63260406987797,,,,,,7.024386306169014,,,,,,,,,,,7.134220586183886,,,9.272948151106249,,,,,,,,,,9.447420204338432,,,,,,,,8.056943309131281,10.329896434779279,,,,,,,,,,9.313011623133434,4.153453711720496,,,4.39016893654157,,,8.63260406987797,,9.447420204338432,,,4.053949198627297,11.777919007789142,,,,,,,,,,,,,4.053949198627297,,,,6.111654331153608,,,,,,6.458998198865708,,7.134220586183886,,,11.777919007789142,,,,5.478070154289215,,,,,,,,,,,,,,,,,,,,,,,,,9.313011623133434,,6.111654331153608,5.478070154289215,,,,,8.364480681578453,9.692367780840497,4.224008149292806,4.96921177879121,,9.272948151106249,,4.153453711720496,,,,,,,11.128490477670148,,,,,7.024386306169014,,,,,,,,,11.128490477670148,,,10.264227896467698,,,,,,,,,,,8.364480681578453,,,,,4.306135258436866,,,,8.056943309131281,4.39016893654157,,,,,9.692367780840497,,10.264227896467698,,,5.258298615606596,10.237173147047809,,,10.329896434779279,,,,,,4.224008149292806,,,4.306135258436866,5.258298615606596,
75,,9.580020105187597,,,,,,6.458998198865708,,,4.96921177879121,,,,10.237173147047809,9.580020105187597,,,,,8.63260406987797,,,,,,7.024386306169014,,,,,,,,,,,7.134220586183886,,,9.272948151106249,,,,,,,,,,9.447420204338432,,,,,,,,8.056943309131281,10.329896434779279,,,,,,,,,,9.313011623133434,4.153453711720496,,9.63147698754336,4.39016893654157,,,8.63260406987797,,9.447420204338432,,,4.053949198627297,11.777919007789142,,,,,,,,,,,,,4.053949198627297,,,,6.111654331153608,,,,,,6.458998198865708,,7.134220586183886,,,11.777919007789142,,,,5.478070154289215,,,,,,,,,,,,,,,,,,,,,,,,,9.313011623133434,,6.111654331153608,5.478070154289215,,,,,8.364480681578453,9.692367780840497,4.224008149292806,4.96921177879121,,9.272948151106249,,4.153453711720496,,,,,,,11.128490477670148,,,,,7.024386306169014,,,,,,,,,11.128490477670148,,,10.264227896467698,,,,,,9.63147698754336,,,,,8.364480681578453,,,,,4.306135258436866,,,,8.056943309131281,4.39016893654157,,,,,9.692367780840497,,10.264227896467698,,,5.258298615606596,10.237173147047809,,,10.329896434779279,,,,,,4.224008149292806,,,4.306135258436866,5.258298615606596,
76,,9.580020105187597,,,,,,6.458998198865708,,,4.96921177879121,,,,10.237173147047809,9.580020105187597,,,,,8.63260406987797,,,,,,7.024386306169014,,,,,,,,,,,7.134220586183886,,,9.272948151106249,,,,,,,,,,9.447420204338432,,11.156318526116912,,,,,,8.056943309131281,10.329896434779279,,,,,,,,,,9.313011623133434,4.153453711720496,,9.63147698754336,4.39016893654157,,,8.63260406987797,,9.447420204338432,,,4.053949198627297,11.777919007789142,,,,,,,,,,,,,4.053949198627297,,,,6.111654331153608,,,,,,6.458998198865708,,7.134220586183886,11.156318526116912,,11.777919007789142,,,,5.478070154289215,,,,,,,,,,,,,,,,,,,,,,,,,9.313011623133434,,6.111654331153608,5.478070154289215,,,,,8.364480681578453,9.692367780840497,4.224008149292806,4.96921177879121,,9.272948151106249,,4.153453711720496,,,,,,,11.128490477670148,,,,,7.024386306169014,,,,,,,,,11.128490477670148,,,10.264227896467698,,,,,,9.63147698754336,,,,,8.364480681578453,,,,,4.306135258436866,,,,8.056943309131281,4.39016893654157,,,,,9.692367780840497,,10.264227896467698,,,5.258298615606596,10.237173147047809,,,10.329896434779279,,,,,,4.224008149292806,,,4.306135258436866,5.258298615606596,
77,,9.580020105187597,,,,,,6.458998198865708,,,4.96921177879121,,,,10.237173147047809,9.580020105187597,,,,,8.63260406987797,,,,,,7.024386306169014,,,,,,,,,,,7.134220586183886,,,9.272948151106249,,,,,,,,,,9.447420204338432,,11.156318526116912,,,,,,8.056943309131281,10.329896434779279,,,,,,,,,,9.313011623133434,4.153453711720496,,9.63147698754336,4.39016893654157,,,8.63260406987797,,9.447420204338432,,,4.053949198627297,11.777919007789142,,,,,,,,,,,,,4.053949198627297,,,,6.111654331153608,,,,,,6.458998198865708,,7.134220586183886,11.156318526116912,,11.777919007789142,,,,5.478070154289215,,,,,,,,,,,,,,,,,,,,,,,,,9.313011623133434,,6.111654331153608,5.478070154289215,,,,,8.364480681578453,9.692367780840497,4.224008149292806,4.96921177879121,,9.272948151106249,,4.153453711720496,,,,,,,11.128490477670148,,,,,7.024386306169014,,,,,,,,,11.128490477670148,,,10.264227896467698,,,,,,9.63147698754336,,,,,8.364480681578453,,,,,4.306135258436866,,,,8.056943309131281,4.39016893654157,,,,,9.692367780840497,,10.264227896467698,,,5.258298615606596,10.237173147047809,,,10.329896434779279,,,,,,4.224008149292806,,,4.306135258436866,5.258298615606596,
78,,9.580020105187597,,,,,,6.458998198865708,,,4.96921177879121,,,,10.237173147047809,9.580020105187597,,,,,8.63260406987797,,,,,,7.024386306169014,,,,,,,,,,,7.134220586183886,,,9.272948151106249,,,,,,,,,,9.447420204338432,,11.156318526116912,,,,,,8.056943309131281,10.329896434779279,,,,,,,,,,9.313011623133434,4.153453711720496,,9.63147698754336,4.39016893654157,,,8.63260406987797,,9.447420204338432,,,4.053949198627297,11.777919007789142,,,,,,,,,,,,,4.053949198627297,,,,6.111654331153608,,,,,,6.458998198865708,,7.134220586183886,11.156318526116912,,11.777919007789142,,,,5.478070154289215,,,,,,,,,,,,,,,,,,,,,,,,,9.313011623133434,,6.111654331153608,5.478070154289215,,,,,8.364480681578453,9.692367780840497,4.224008149292806,4.96921177879121,,9.272948151106249,,4.153453711720496,,,,,,,11.128490477670148,,,,,7.024386306169014,,,,,,,,,11.128490477670148,,,10.264227896467698,,,,,,9.63147698754336,,,,,8.364480681578453,,,,,4.306135258436866,,,,8.056943309131281,4.39016893654157,,,,,9.692367780840497,,10.264227896467698,,,5.258298615606596,10.237173147047809,,,10.329896434779279,,,,,,4.224008149292806,,,4.306135258436866,5.258298615606596,
79,,9.580020105187597,,,,,,6.458998198865708,,,4.96921177879121,,,,10.237173147047809,9.580020105187597,,,,,8.63260406987797,,,,,,7.024386306169014,,,,,,,,,,,7.134220586183886,,,9.272948151106249,,,,,,,,,,9.447420204338432,,11.156318526116912,,,,,,8.056943309131281,10.329896434779279,,,,,,,,,,9.313011623133434,4.153453711720496,,9.63147698754336,4.39016893654157,,,8.63260406987797,,9.447420204338432,,,4.053949198627297,11.777919007789142,,,5.01296700654409,,,,,,,,,,4.053949198627297,,,,6.111654331153608,,,,,,6.458998198865708,,7.134220586183886,11.156318526116912,,11.777919007789142,,,,5.478070154289215,,,,,,,,,,,,,,,,,,,,,,,,,9.313011623133434,,6.111654331153608,5.478070154289215,,,,,8.364480681578453,9.692367780840497,4.224008149292806,4.96921177879121,,9.272948151106249,,4.153453711720496,5.01296700654409,,,,,,11.128490477670148,,,,,7.024386306169014,,,,,,,,,11.128490477670148,,,10.264227896467698,,,,,,9.63147698754336,,,,,8.364480681578453,,,,,4.306135258436866,,,,8.056943309131281,4.39016893654157,,,,,9.692367780840497,,10.264227896467698,,,5.258298615606596,10.237173147047809,,,10.329896434779279,,,,,,4.224008149292806,,,4.306135258436866,5.258298615606596,
80,,9.580020105187597,,,,,,6.458998198865708,,,4.96921177879121,,,,10.237173147047809,9.580020105187597,,,,,8.63260406987797,,,,,,7.024386306169014,,,,,,,,,,,7.134220586183886,,,9.272948151106249,,,,,,,,,,9.447420204338432,,11.156318526116912,,,,,,8.056943309131281,10.329896434779279,,,,,,,,,,9.313011623133434,4.153453711720496,,9.63147698754336,4.39016893654157,5.971095589122942,,8.63260406987797,,9.447420204338432,,,4.053949198627297,11.777919007789142,,,5.01296700654409,,,,,,,,,,4.053949198627297,,,,6.111654331153608,,,,,,6.458998198865708,,7.134220586183886,11.156318526116912,,11.777919007789142,,,,5.478070154289215,,,,,,,,,,,,,,,,,,,,,,,,,9.313011623133434,,6.111654331153608,5.478070154289215,,,,,8.364480681578453,9.692367780840497,4.224008149292806,4.96921177879121,,9.272948151106249,,4.153453711720496,5.01296700654409,,,,,,11.128490477670148,,,,,7.024386306169014,,,,,,,,,11.128490477670148,,,10.264227896467698,,,,,,9.63147698754336,,,,,8.364480681578453,,,,,4.306135258436866,,,,8.056943309131281,4.39016893654157,,,,,9.692367780840497,,10.264227896467698,,,5.258298615606596,10.237173147047809,,,10.329896434779279,5.971095589122942,,,,,4.224008149292806,,,4.306135258436866,5.258298615606596,
81,,9.580020105187597,,,,,,6.458998198865708,,,4.96921177879121,,,,10.237173147047809,9.580020105187597,,,,,8.63260406987797,,,,,,7.024386306169014,,,,,,,,,,,7.134220586183886,,,9.272948151106249,,,,,,,,,,9.447420204338432,,11.156318526116912,,,,,,8.056943309131281,10.329896434779279,,,,,,,,,,9.313011623133434,4.153453711720496,,9.63147698754336,4.39016893654157,5.971095589122942,,8.63260406987797,,9.447420204338432,,,4.053949198627297,11.777919007789142,,,5.01296700654409,,,,,,,,,,4.053949198627297,,,,6.111654331153608,,,,,,6.458998198865708,,7.134220586183886,11.156318526116912,,11.777919007789142,,,,5.478070154289215,,,,7.74834344592649,,,,,,,,,,,,,,,,,,,,,9.313011623133434,,6.111654331153608,5.478070154289215,,,,,8.364480681578453,9.692367780840497,4.224008149292806,4.96921177879121,,9.272948151106249,,4.153453711720496,5.01296700654409,,,,,,11.128490477670148,,,,,7.024386306169014,,,,,,,,,11.128490477670148,,,10.264227896467698,,,,,,9.63147698754336,,,,,8.364480681578453,,,,,4.306135258436866,,,,8.056943309131281,4.39016893654157,,,7.74834344592649,,9.692367780840497,,10.264227896467698,,,5.258298615606596,10.237173147047809,,,10.329896434779279,5.971095589122942,,,,,4.224008149292806,,,4.306135258436866,5.258298615606596,
82,,9.580020105187597,,,,,,6.458998198865708,,,4.96921177879121,,,,10.237173147047809,9.580020105187597,,,,,,,,,,,7.024386306169014,,,,,,,,,,,7.134220586183886,,,9.272948151106249,,,,,,,,,,,,11.156318526116912,,,,,,8.056943309131281,10.329896434779279,,,,,,,,,,9.313011623133434,4.153453711720496,,9.63147698754336,4.39016893654157,5.971095589122942,,,,,,,4.053949198627297,11.777919007789142,,,5.01296700654409,,,,,,,,,,4.053949198627297,,,,6.111654331153608,,,,,,6.458998198865708,,7.134220586183886,11.156318526116912,,11.777919007789142,,,,5.478070154289215,,,,7.74834344592649,,,,,,,,,,,,,,,,,,,,,9.313011623133434,,6.111654331153608,5.478070154289215,,,,,8.364480681578453,9.692367780840497,4.224008149292806,4.96921177879121,,9.272948151106249,,4.153453711720496,5.01296700654409,,,,,,11.128490477670148,,,,,7.024386306169014,,,,,,,,,11.128490477670148,,,10.264227896467698,,,,,,9.63147698754336,,,,,8.364480681578453,,,,,4.306135258436866,,,,8.056943309131281,4.39016893654157,,,7.74834344592649,,9.692367780840497,,10.264227896467698,,,5.258298615606596,10.237173147047809,,,10.329896434779279,5.971095589122942,,,,,4.224008149292806,,,4.306135258436866,5.258298615606596,
83,,9.580020105187597,,,,,,6.458998198865708,,,4.96921177879121,,,,10.237173147047809,9.580020105187597,,,6.265378882082749,,8.63260406987797,,,,,,7.024386306169014,,,,,,,,,,,7.134220586183886,,,9.272948151106249,,,,,,6.265378882082749,,,,9.447420204338432,,11.156318526116912,,,,,,8.056943309131281,10.329896434779279,,,,,,,,,,9.313011623133434,4.153453711720496,,9.63147698754336,4.39016893654157,5.971095589122942,,8.63260406987797,,9.447420204338432,,,4.053949198627297,11.777919007789142,,,5.01296700654409,,,,,,,,,,4.053949198627297,,,,6.111654331153608,,,,,,6.458998198865708,,7.134220586183886,11.156318526116912,,11.777919007789142,,,,5.478070154289215,,,,7.74834344592649,,,,,,,,,,,,,,,,,,,,,9.313011623133434,,6.111654331153608,5.478070154289215,,,,,8.364480681578453,9.692367780840497,4.224008149292806,4.96921177879121,,9.272948151106249,,4.153453711720496,5.01296700654409,,,,,,11.128490477670148,,,,,7.024386306169014,,,,,,,,,11.128490477670148,,,10.264227896467698,,,,,,9.63147698754336,,,,,8.364480681578453,,,,,4.306135258436866,,,,8.056943309131281,4.39016893654157,,,7.74834344592649,,9.692367780840497,,10.264227896467698,,,5.258298615606596,10.237173147047809,,,10.329896434779279,5.971095589122942,,,,,4.224008149292806,,,4.306135258436866,5.258298615606596,
84,,9.580020105187597,,,,,,6.458998198865708,,,4.96921177879121,,,,10.237173147047809,9.580020105187597,,,6.265378882082749,,8.63260406987797,,,,,,7.024386306169014,,,,,,,,,,,7.134220586183886,,,9.272948151106249,,,,,,6.265378882082749,,,,9.447420204338432,,11.156318526116912,,,,,,8.056943309131281,10.329896434779279,,,,,,,,,,9.313011623133434,4.153453711720496,,9.63147698754336,4.39016893654157,5.971095589122942,,8.63260406987797,,9.447420204338432,,,4.053949198627297,11.777919007789142,,,5.01296700654409,,,,,,,,,,4.053949198627297,,,,6.111654331153608,,,,,,6.458998198865708,,7.134220586183886,11.156318526116912,,11.777919007789142,,,,5.478070154289215,,,,7.74834344592649,,,,,,,,,,,,,,,,,,,,,9.313011623133434,,6.111654331153608,5.478070154289215,,,,,8.364480681578453,9.692367780840497,4.224008149292806,4.96921177879121,,9.272948151106249,,4.153453711720496,5.01296700654409,,,,,,11.128490477670148,,,,,7.024386306169014,,,,,,,,,11.128490477670148,,,10.264227896467698,,,,,,9.63147698754336,,,,,8.364480681578453,,,,,4.306135258436866,,,,8.056943309131281,4.39016893654157,,,7.74834344592649,,9.692367780840497,,10.264227896467698,,,5.258298615606596,10.237173147047809,,,10.329896434779279,5.971095589122942,,,,,4.224008149292806,,,4.306135258436866,5.258298615606596,
85,,9.580020105187597,,,,,,6.458998198865708,,,4.96921177879121,,,,10.237173147047809,9.580020105187597,,,6.265378882082749,,8.63260406987797,,,,,,7.024386306169014,,,,,,,,,,,7.134220586183886,,,9.272948151106249,,,,,,6.265378882082749,,,,9.447420204338432,,11.156318526116912,,,,,,8.056943309131281,10.329896434779279,,,,,,,,,,9.313011623133434,4.153453711720496,,9.63147698754336,4.39016893654157,5.971095589122942,,8.63260406987797,,9.447420204338432,,,4.053949198627297,11.777919007789142,,,5.01296700654409,,,,,,,,,,4.053949198627297,,,,6.111654331153608,,,,,,6.458998198865708,,7.134220586183886,11.156318526116912,,11.777919007789142,,,,5.478070154289215,,,,7.74834344592649,,,,,,,,,,,,,,,,,,,,,9.313011623133434,,6.111654331153608,5.478070154289215,,,,,8.364480681578453,9.692367780840497,4.224008149292806,4.96921177879121,,9.272948151106249,,4.153453711720496,5.01296700654409,,,,,,11.128490477670148,,,,,7.024386306169014,,,,,,,,,11.128490477670148,,,10.264227896467698,,,,,,9.63147698754336,,,,,8.364480681578453,,,,,4.306135258436866,,,,8.056943309131281,4.39016893654157,,,7.74834344592649,,9.692367780840497,,10.264227896467698,,,5.258298615606596,10.237173147047809,,,10.329896434779279,5.971095589122942,,,,,4.224008149292806,,,4.306135258436866,5.258298615606596,
86,,9.580020105187597,,,,,,6.458998198865708,,,4.96921177879121,,,,10.237173147047809,9.580020105187597,,,6.265378882082749,,8.63260406987797,,,,,,7.024386306169014,,,,,,,,,,,7.134220586183886,,,9.272948151106249,,,,,,6.265378882082749,,,,9.447420204338432,,11.156318526116912,,,,,,8.056943309131281,10.329896434779279,,,,,,,,,,9.313011623133434,4.153453711720496,,9.63147698754336,4.39016893654157,5.971095589122942,,8.63260406987797,,9.447420204338432,,,4.053949198627297,11.777919007789142,,,5.01296700654409,,,,,,,,,,4.053949198627297,,,,6.111654331153608,,,,,10.925358268576911,6.458998198865708,,7.134220586183886,11.156318526116912,,11.777919007789142,,,,5.478070154289215,,,,7.74834344592649,,,,,,,,,,,,,,,,,,,,,9.313011623133434,,6.111654331153608,5.478070154289215,,,,,8.364480681578453,9.692367780840497,4.224008149292806,4.96921177879121,,9.272948151106249,,4.153453711720496,5.01296700654409,,,,,,11.128490477670148,,,,,7.024386306169014,,,,,,,,,11.128490477670148,,,10.264227896467698,,,,,,9.63147698754336,,,,,8.364480681578453,,,,,4.306135258436866,,,,8.056943309131281,4.39016893654157,,,7.74834344592649,,9.692367780840497,,10.264227896467698,,,5.258298615606596,10.237173147047809,,,10.329896434779279,5.971095589122942,,10.925358268576911,,,4.224008149292806,,,4.306135258436866,5.258298615606596,
87,,9.580020105187597,,,,,,6.458998198865708,,,4.96921177879121,,,,10.237173147047809,9.580020105187597,,,6.265378882082749,,8.63260406987797,,,,,,7.024386306169014,,,,,,,,,,,7.134220586183886,,,9.272948151106249,,,,,,6.265378882082749,,,,9.447420204338432,,11.156318526116912,,,,,,8.056943309131281,10.329896434779279,,,,,,,,,,9.313011623133434,4.153453711720496,,9.63147698754336,4.39016893654157,5.971095589122942,,8.63260406987797,,9.447420204338432,,,4.053949198627297,11.777919007789142,,,5.01296700654409,,,,,,,,,,4.053949198627297,,,,6.111654331153608,,,,,10.925358268576911,6.458998198865708,,7.134220586183886,11.156318526116912,,11.777919007789142,,,,5.478070154289215,,,,7.74834344592649,,,,,,,,,,,,,,,,,,,,,9.313011623133434,,6.111654331153608,5.478070154289215,,,,,8.364480681578453,9.692367780840497,4.224008149292806,4.96921177879121,,9.272948151106249,,4.153453711720496,5.01296700654409,,,,,,11.128490477670148,,,,,7.024386306169014,,,,,,,,,11.128490477670148,,,10.264227896467698,,,,,,9.63147698754336,,,,,8.364480681578453,,,,,4.306135258436866,,,,8.056943309131281,4.39016893654157,,,7.74834344592649,,9.692367780840497,,10.264227896467698,,,5.258298615606596,10.237173147047809,,,10.329896434779279,5.971095589122942,,10.925358268576911,,,4.224008149292806,,,4.306135258436866,5.258298615606596,
88,,9.580020105187597,,,,,,6.458998198865708,,,4.96921177879121,,,,10.237173147047809,9.580020105187597,,,6.265378882082749,,8.63260406987797,,,,,,7.024386306169014,,,,,,,,,,,7.134220586183886,,,9.272948151106249,,,,,,6.265378882082749,,,,9.447420204338432,,11.156318526116912,,,,,,8.056943309131281,10.329896434779279,,,,,,,,,,9.313011623133434,4.153453711720496,,9.63147698754336,4.39016893654157,5.971095589122942,,8.63260406987797,,9.447420204338432,,,4.053949198627297,11.777919007789142,,,5.01296700654409,,,,,,,,,,4.053949198627297,,,,6.111654331153608,,,,,10.925358268576911,6.458998198865708,,7.134220586183886,11.156318526116912,,11.777919007789142,,,,5.478070154289215,,,,7.74834344592649,,,,,,,,,,,,,,,,,,,,,9.313011623133434,,6.111654331153608,5.478070154289215,,,,,8.364480681578453,9.692367780840497,4.224008149292806,4.96921177879121,,9.272948151106249,,4.153453711720496,5.01296700654409,,,,,,11.128490477670148,,,,,7.024386306169014,,,,,,,,,11.128490477670148,,,10.264227896467698,,,,,,9.63147698754336,,,,,8.364480681578453,,,,,4.306135258436866,,,,8.056943309131281,4.39016893654157,,,7.74834344592649,,9.692367780840497,,10.264227896467698,,,5.258298615606596,10.237173147047809,,,10.329896434779279,5.971095589122942,,10.925358268576911,,,4.224008149292806,,,4.306135258436866,5.258298615606596,
89,,9.580020105187597,,,,,,6.458998198865708,,,4.96921177879121,,,,10.237173147047809,9.580020105187597,,,6.265378882082749,,8.63260406987797,,,,,,7.024386306169014,,,,,,,,,,,7.134220586183886,,,9.272948151106249,,,,,,6.265378882082749,,,,9.447420204338432,,11.156318526116912,,,,,,8.056943309131281,10.329896434779279,,,,,,,,,,9.313011623133434,4.153453711720496,,9.63147698754336,4.39016893654157,5.971095589122942,,8.63260406987797,,9.447420204338432,,,4.053949198627297,11.777919007789142,,,5.01296700654409,,,,,,,,,,4.053949198627297,,,,6.111654331153608,,,,,10.925358268576911,6.458998198865708,,7.134220586183886,11.156318526116912,,11.777919007789142,,,,5.478070154289215,,,,7.74834344592649,,,,,,,,,,,,,,,,,,,,,9.313011623133434,,6.111654331153608,5.478070154289215,,,,,8.364480681578453,9.692367780840497,4.224008149292806,4.96921177879121,,9.272948151106249,,4.153453711720496,5.01296700654409,,,,,,11.128490477670148,,,,,7.024386306169014,,,,,,,,,11.128490477670148,,,10.264227896467698,,,,,,9.63147698754336,,,,,8.364480681578453,,,,,4.306135258436866,,,,8.056943309131281,4.39016893654157,,,7.74834344592649,,9.692367780840497,,10.264227896467698,,,5.258298615606596,10.237173147047809,,,10.329896434779279,5.971095589122942,,10.925358268576911,,,4.224008149292806,,,4.306135258436866,5.258298615606596,
90,,9.580020105187597,,,,,,6.458998198865708,,,4.96921177879121,,,,10.237173147047809,9.580020105187597,,,6.265378882082749,,8.63260406987797,,,,,,7.024386306169014,,,8.632909470754445,,,,,,,,7.134220586183886,,,9.272948151106249,,,,,,6.265378882082749,,,,9.447420204338432,,11.156318526116912,,,,,,8.056943309131281,10.329896434779279,,,,,,,,,,9.313011623133434,4.153453711720496,,9.63147698754336,4.39016893654157,5.971095589122942,,8.63260406987797,,9.447420204338432,,,4.053949198627297,11.777919007789142,,,5.01296700654409,,,,,,,,,,4.053949198627297,,,,6.111654331153608,,,,,10.925358268576911,6.458998198865708,,7.134220586183886,11.156318526116912,,11.777919007789142,,,,5.478070154289215,,,,7.74834344592649,,,,,,,,,,,,,,,,,,,,,9.313011623133434,,6.111654331153608,5.478070154289215,,,,,8.364480681578453,9.692367780840497,4.224008149292806,4.96921177879121,,9.272948151106249,,4.153453711720496,5.01296700654409,,,,,,11.128490477670148,,,,,7.024386306169014,,,,,,,,,11.128490477670148,,,10.264227896467698,,,,,,9.63147698754336,,,,,8.364480681578453,,,,,4.306135258436866,,,,8.056943309131281,4.39016893654157,,,7.74834344592649,,9.692367780840497,,10.264227896467698,,,5.258298615606596,10.237173147047809,8.632909470754445,,10.329896434779279,5.971095589122942,,10.925358268576911,,,4.224008149292806,,,4.306135258436866,5.258298615606596,
91,,9.580020105187597,,,,,,6.458998198865708,,,4.96921177879121,,,,10.237173147047809,9.580020105187597,,,6.265378882082749,,8.63260406987797,,,,,,7.024386306169014,,,8.632909470754445,,,,,,,,7.134220586183886,,,9.272948151106249,,,,,,6.265378882082749,,,,9.447420204338432,,11.156318526116912,,,,,,8.056943309131281,10.329896434779279,,,,,,,,,,9.313011623133434,4.153453711720496,,9.63147698754336,4.39016893654157,5.971095589122942,,8.63260406987797,,9.447420204338432,,,4.053949198627297,11.777919007789142,,,5.01296700654409,,,,,,,,,,4.053949198627297,,,,6.111654331153608,,,,,10.925358268576911,6.458998198865708,,7.134220586183886,11.156318526116912,,11.777919007789142,,,,5.478070154289215,,,,7.74834344592649,,,,,,,,,,,,,,,,,,,,,9.313011623133434,,6.111654331153608,5.478070154289215,,,,,8.364480681578453,9.692367780840497,4.224008149292806,4.96921177879121,,9.272948151106249,,4.153453711720496,5.01296700654409,,,,,,11.128490477670148,,,,,7.024386306169014,,,,,,,,,11.128490477670148,,,10.264227896467698,,,,,,9.63147698754336,,,,,8.364480681578453,,,,,4.306135258436866,,,,8.056943309131281,4.39016893654157,,,7.74834344592649,,9.692367780840497,,10.264227896467698,,,5.258298615606596,10.237173147047809,8.632909470754445,,10.329896434779279,5.971095589122942,,10.925358268576911,,,4.224008149292806,,,4.306135258436866,5.258298615606596,
92,,9.580020105187597,,,,,,6.458998198865708,,,4.96921177879121,,,,10.237173147047809,9.580020105187597,,,6.265378882082749,,8.63260406987797,,,,,,7.024386306169014,,,8.632909470754445,,,,,,,,7.134220586183886,,,9.272948151106249,,,,,,6.265378882082749,,,,9.447420204338432,,11.156318526116912,,,,,,8.056943309131281,10.329896434779279,,,,,,,,,,9.313011623133434,4.153453711720496,,9.63147698754336,4.39016893654157,5.971095589122942,,8.63260406987797,,9.447420204338432,,,4.053949198627297,11.777919007789142,,,5.01296700654409,,,,,,,,,,4.053949198627297,,,,6.111654331153608,,,,,10.925358268576911,6.458998198865708,,7.134220586183886,11.156318526116912,,11.777919007789142,,,,5.478070154289215,,,,7.74834344592649,,,,,,,,,,,,,,,,,,,,,9.313011623133434,,6.111654331153608,5.478070154289215,,,,,8.364480681578453,9.692367780840497,4.224008149292806,4.96921177879121,,9.272948151106249,,4.153453711720496,5.01296700654409,,,,,,11.128490477670148,,,,,7.024386306169014,,,,,,,,,11.128490477670148,,,10.264227896467698,,,,,,9.63147698754336,,,,,8.364480681578453,,,,,4.306135258436866,,,,8.056943309131281,4.39016893654157,,,7.74834344592649,,9.692367780840497,,10.264227896467698,,,5.258298615606596,10.237173147047809,8.632909470754445,,10.329896434779279,5.971095589122942,,10.925358268576911,,,4.224008149292806,,,4.306135258436866,5.258298615606596,
93,,9.580020105187597,,,,,,6.458998198865708,,,4.96921177879121,,,,10.237173147047809,9.580020105187597,,,6.265378882082749,,8.63260406987797,,,,,,7.024386306169014,,,8.632909470754445,,,,,,,,7.134220586183886,,,9.272948151106249,,,,,,6.265378882082749,,,,9.447420204338432,,11.156318526116912,,,,,,8.056943309131281,10.329896434779279,,,,,,,,,,9.313011623133434,4.153453711720496,,9.63147698754336,4.39016893654157,5.971095589122942,,8.63260406987797,,9.447420204338432,,,4.053949198627297,11.777919007789142,,,5.01296700654409,,,,,,,,,,4.053949198627297,,,,6.111654331153608,,,,,10.925358268576911,6.458998198865708,,7.134220586183886,11.156318526116912,,11.777919007789142,,,,5.478070154289215,,,,7.74834344592649,,,,,,,,,,,,,,,,,,,,,9.313011623133434,,6.111654331153608,5.478070154289215,,,,,8.364480681578453,9.692367780840497,4.224008149292806,4.96921177879121,,9.272948151106249,,4.153453711720496,5.01296700654409,,,,,,11.128490477670148,,,,,7.024386306169014,,,,,,,,,11.128490477670148,,,10.264227896467698,,,,,,9.63147698754336,,,,,8.364480681578453,,,,,4.306135258436866,,,,8.056943309131281,4.39016893654157,,,7.74834344592649,,9.692367780840497,,10.264227896467698,,,5.258298615606596,10.237173147047809,8.632909470754445,,10.329896434779279,5.971095589122942,,10.925358268576911,,,4.224008149292806,,,4.306135258436866,5.258298615606596,
94,,9.580020105187597,,,,,,6.458998198865708,,,4.96921177879121,,,,10.237173147047809,9.580020105187597,,,6.265378882082749,,8.63260406987797,,,,,,7.024386306169014,,,8.632909470754445,,,,,,,,7.134220586183886,,,9.272948151106249,,,,,,6.265378882082749,,,,9.447420204338432,,11.156318526116912,,,,,,8.056943309131281,10.329896434779279,,,,,,,,,,9.313011623133434,4.153453711720496,,9.63147698754336,4.39016893654157,5.971095589122942,,8.63260406987797,,9.447420204338432,,,4.053949198627297,11.777919007789142,,,5.01296700654409,,,,,,,,,,4.053949198627297,,,,6.111654331153608,,,,,10.925358268576911,6.458998198865708,,7.134220586183886,11.156318526116912,,11.777919007789142,,,,5.478070154289215,,,,7.74834344592649,,,,,,,,,,,,,,,,,,,,,9.313011623133434,,6.111654331153608,5.478070154289215,,,,,8.364480681578453,9.692367780840497,4.224008149292806,4.96921177879121,,9.272948151106249,,4.153453711720496,5.01296700654409,,,,,,11.128490477670148,,,,,7.024386306169014,,,,,,,,,11.128490477670148,,,10.264227896467698,,,,,,9.63147698754336,,,,,8.364480681578453,,,,,4.306135258436866,,,,8.056943309131281,4.39016893654157,,,7.74834344592649,,9.692367780840497,,10.264227896467698,,,5.258298615606596,10.237173147047809,8.632909470754445,,10.329896434779279,5.971095589122942,,10.925358268576911,,,4.224008149292806,,,4.306135258436866,5.258298615606596,
95,,9.580020105187597,,,,,,6.458998198865708,,,4.96921177879121,,,,10.237173147047809,9.580020105187597,,,6.265378882082749,,8.63260406987797,,,,,,7.024386306169014,,,8.632909470754445,,,,,,,,7.134220586183886,,,9.272948151106249,,,,,,6.265378882082749,,,,9.447420204338432,,11.156318526116912,,,,,,8.056943309131281,10.329896434779279,,,,,,,,,,9.313011623133434,4.153453711720496,,9.63147698754336,4.39016893654157,5.971095589122942,,8.63260406987797,,9.447420204338432,,,4.053949198627297,11.777919007789142,,,5.01296700654409,,,,,,,,,,4.053949198627297,,,,6.111654331153608,,,,,10.925358268576911,6.458998198865708,,7.134220586183886,11.156318526116912,,11.777919007789142,,,,5.478070154289215,,,,7.74834344592649,,,,,,,,,,,,,,,,,,,,,9.313011623133434,,6.111654331153608,5.478070154289215,,,,,8.364480681578453,9.692367780840497,4.224008149292806,4.96921177879121,,9.272948151106249,,4.153453711720496,5.01296700654409,,,,,,11.128490477670148,,,,,7.024386306169014,,,,,,,,,11.128490477670148,,,10.264227896467698,,,,,,9.63147698754336,,,,,8.364480681578453,,,,,4.306135258436866,,,,8.056943309131281,4.39016893654157,,,7.74834344592649,,9.692367780840497,,10.264227896467698,,,5.258298615606596,10.237173147047809,8.632909470754445,,10.329896434779279,5.971095589122942,,10.925358268576911,,,4.224008149292806,,,4.306135258436866,5.258298615606596,
96,,9.580020105187597,,,,,,6.458998198865708,,,4.96921177879121,,,,10.237173147047809,9.580020105187597,,,6.265378882082749,,8.63260406987797,,,,,,7.024386306169014,,,8.632909470754445,,,,,,,,7.134220586183886,,,9.272948151106249,,,,,,6.265378882082749,,,,9.447420204338432,,11.156318526116912,,,,,,8.056943309131281,10.329896434779279,,,,,,,,,,9.313011623133434,4.153453711720496,,9.63147698754336,4.39016893654157,5.971095589122942,,8.63260406987797,,9.447420204338432,,,4.053949198627297,11.777919007789142,,,5.01296700654409,,,,,,,,,,4.053949198627297,,,,6.111654331153608,,,,,10.925358268576911,6.458998198865708,,7.134220586183886,11.156318526116912,,11.777919007789142,,,,5.478070154289215,,,,7.74834344592649,,,,,,,,,,,,,,,,,,,,,9.313011623133434,,6.111654331153608,5.478070154289215,,,,,8.364480681578453,9.692367780840497,4.224008149292806,4.96921177879121,,9.272948151106249,,4.153453711720496,5.01296700654409,,,,,,11.128490477670148,,,,,7.024386306169014,,,,,,,,,11.128490477670148,,,10.264227896467698,,,,,,9.63147698754336,,,,,8.364480681578453,,,,,4.306135258436866,,,,8.056943309131281,4.39016893654157,,,7.74834344592649,,9.692367780840497,,10.264227896467698,,,5.258298615606596,10.237173147047809,8.632909470754445,,10.329896434779279,5.971095589122942,,10.925358268576911,,,4.224008149292806,,,4.306135258436866,5.258298615606596,
97,,9.580020105187597,,,,,,6.458998198865708,,,4.96921177879121,,,,10.237173147047809,9.580020105187597,,,6.265378882082749,,8.63260406987797,,,,,,7.024386306169014,,,8.632909470754445,,,,,,,,7.134220586183886,,,9.272948151106249,,,,,,6.265378882082749,,,,9.447420204338432,,11.156318526116912,,,,,,8.056943309131281,10.329896434779279,,,,,,,,,,9.313011623133434,4.153453711720496,,9.63147698754336,4.39016893654157,5.971095589122942,,8.63260406987797,,9.447420204338432,,,,11.777919007789142,,,,,,,,,,,,,,,,,6.111654331153608,,,,,10.925358268576911,6.458998198865708,,7.134220586183886,11.156318526116912,,11.777919007789142,,,,5.478070154289215,,,,7.74834344592649,,,,,,,,,,,,,,,,,,,,,9.313011623133434,,6.111654331153608,5.478070154289215,,,,,8.364480681578453,9.692367780840497,4.224008149292806,4.96921177879121,,9.272948151106249,,4.153453711720496,,,,,,,11.128490477670148,,,,,7.024386306169014,,,,,,,,,11.128490477670148,,,10.264227896467698,,,,,,9.63147698754336,,,,,8.364480681578453,,,,,4.306135258436866,,,,8.056943309131281,4.39016893654157,,,7.74834344592649,,9.692367780840497,,10.264227896467698,,,5.258298615606596,10.237173147047809,8.632909470754445,,10.329896434779279,5.971095589122942,,10.925358268576911,,,4.224008149292806,,,4.306135258436866,5.258298615606596,
98,,9.580020105187597,,,,,,6.458998198865708,,,4.96921177879121,,,,10.237173147047809,9.580020105187597,,,6.265378882082749,,8.63260406987797,,,,,,7.024386306169014,,,8.632909470754445,,,,,,,,7.134220586183886,,,9.272948151106249,,,,,,6.265378882082749,,,,9.447420204338432,,11.156318526116912,,,,,,8.056943309131281,10.329896434779279,,,,,,,,,,9.313011623133434,4.153453711720496,,9.63147698754336,4.39016893654157,5.971095589122942,,8.63260406987797,,9.447420204338432,,,4.053949198627297,11.777919007789142,,,5.01296700654409,,,,,,,,,,4.053949198627297,,,,6.111654331153608,,,,,10.925358268576911,6.458998198865708,,7.134220586183886,11.156318526116912,,11.777919007789142,,,,5.478070154289215,,,,7.74834344592649,,,,,,,,,,,,,,,,,,,,,9.313011623133434,,6.111654331153608,5.478070154289215,,,,,8.364480681578453,9.692367780840497,4.224008149292806,4.96921177879121,,9.272948151106249,,4.153453711720496,5.01296700654409,,,,,,11.128490477670148,,,,,7.024386306169014,,,,,,,,,11.128490477670148,,,10.264227896467698,,,,,,9.63147698754336,,,,,8.364480681578453,,,,,4.306135258436866,,,,8.056943309131281,4.39016893654157,,,7.74834344592649,,9.692367780840497,,10.264227896467698,,,5.258298615606596,10.237173147047809,8.632909470754445,,10.329896434779279,5.971095589122942,,10.925358268576911,,,4.224008149292806,,,4.306135258436866,5.258298615606596,
99,,9.580020105187597,,,,,,6.458998198865708,,,4.96921177879121,,,,10.237173147047809,9.580020105187597,,,6.265378882082749,,8.63260406987797,,,,,,7.024386306169014,,,8.632909470754445,,,,,,,,7.134220586183886,,,9.272948151106249,,,,,,6.265378882082749,,,,9.447420204338432,,11.156318526116912,,,,,,8.056943309131281,10.329896434779279,,,,,,,,,,9.313011623133434,4.153453711720496,,9.63147698754336,4.39016893654157,5.971095589122942,,8.63260406987797,,9.447420204338432,,,4.053949198627297,11.777919007789142,,,5.01296700654409,,,,,,,,,,4.053949198627297,,,,6.111654331153608,,,,,10.925358268576911,6.458998198865708,,7.134220586183886,11.156318526116912,,11.777919007789142,,,,5.478070154289215,,,,7.74834344592649,,,,,,,,,,,,,,,,,,,,,9.313011623133434,,6.111654331153608,5.478070154289215,,,,,8.364480681578453,9.692367780840497,4.224008149292806,4.96921177879121,,9.272948151106249,,4.153453711720496,5.01296700654409,,,,,,11.128490477670148,,,,,7.024386306169014,,,,,,,,,11.128490477670148,,,10.264227896467698,,,,,,9.63147698754336,,,,,8.364480681578453,,,,,4.306135258436866,,,,8.056943309131281,4.39016893654157,,,7.74834344592649,,9.692367780840497,,10.264227896467698,,,5.258298615606596,10.237173147047809,8.632909470754445,,10.329896434779279,5.971095589122942,,10.925358268576911,,,4.224008149292806,,,4.306135258436866,5.258298615606596,
100,,9.580020105187597,,,,,,6.458998198865708,,,4.96921177879121,,,,10.237173147047809,9.580020105187597,,,6.265378882082749,,8.63260406987797,,,,,,7.024386306169014,,,8.632909470754445,,,,,,,,7.134220586183886,,,9.272948151106249,,,,,,6.265378882082749,,,,9.447420204338432,,11.156318526116912,,,,,,8.056943309131281,10.329896434779279,,,,,,,,,,9.313011623133434,4.153453711720496,,9.63147698754336,4.39016893654157,5.971095589122942,,8.63260406987797,,9.447420204338432,,,4.053949198627297,11.777919007789142,,,5.01296700654409,,,11.912216164199343,,,,,,,4.053949198627297,,,,6.111654331153608,,,,,10.925358268576911,6.458998198865708,,7.134220586183886,11.156318526116912,,11.777919007789142,,,,5.478070154289215,,,,7.74834344592649,,,,,,,,,,,,,,,,,,,,,9.313011623133434,,6.111654331153608,5.478070154289215,,,,,8.364480681578453,9.692367780840497,4.224008149292806,4.96921177879121,,9.272948151106249,,4.153453711720496,5.01296700654409,,,,,,11.128490477670148,,,,,7.024386306169014,,,,,,,,,11.128490477670148,,,10.264227896467698,,,,,,9.63147698754336,,,,,8.364480681578453,,,,,4.306135258436866,,,,8.056943309131281,4.39016893654157,11.912216164199343,,7.74834344592649,,9.692367780840497,,10.264227896467698,,,5.258298615606596,10.237173147047809,8.632909470754445,,10.329896434779279,5.971095589122942,,10.925358268576911,,,4.224008149292806,,,4.306135258436866,5.258298615606596,
101,,9.580020105187597,,,,,,6.458998198865708,,,4.96921177879121,,,,10.237173147047809,9.580020105187597,,,6.265378882082749,,8.63260406987797,,,,,,7.024386306169014,,,8.632909470754445,,,,,,,,7.134220586183886,,,9.272948151106249,,,,,,6.265378882082749,,,,9.447420204338432,,11.156318526116912,,,,,,8.056943309131281,10.329896434779279,,,,,,,,,,9.313011623133434,4.153453711720496,,9.63147698754336,4.39016893654157,5.971095589122942,,8.63260406987797,,9.447420204338432,,,4.053949198627297,11.777919007789142,,,5.01296700654409,,,11.912216164199343,,,,,,,4.053949198627297,,,,6.111654331153608,,,,,10.925358268576911,6.458998198865708,,7.134220586183886,11.156318526116912,,11.777919007789142,,,,5.478070154289215,,,,7.74834344592649,,,,,,,,,,,,,,,,,,,,,9.313011623133434,,6.111654331153608,5.478070154289215,,,,,8.364480681578453,9.692367780840497,4.224008149292806,4.96921177879121,,9.272948151106249,,4.153453711720496,5.01296700654409,,,,,,11.128490477670148,,,,,7.024386306169014,,,,,,,,,11.128490477670148,,,10.264227896467698,,,,,,9.63147698754336,,,,,8.364480681578453,,,,,4.306135258436866,,,,8.056943309131281,4.39016893654157,11.912216164199343,,7.74834344592649,,9.692367780840497,,10.264227896467698,,,5.258298615606596,10.237173147047809,8.632909470754445,,10.329896434779279,5.971095589122942,,10.925358268576911,,,4.224008149292806,,,4.306135258436866,5.258298615606596,
102,,9.580020105187597,,,,,,6.458998198865708,,,4.96921177879121,,,,10.237173147047809,9.580020105187597,,,6.265378882082749,,8.63260406987797,,,,,,7.024386306169014,,,8.632909470754445,,,,,,,,7.134220586183886,,,9.272948151106249,,,,,,6.265378882082749,,,,9.447420204338432,,11.156318526116912,,,,,,8.056943309131281,10.329896434779279,,,,,,,,,,9.313011623133434,4.153453711720496,,9.63147698754336,4.39016893654157,5.971095589122942,,8.63260406987797,,9.447420204338432,,,4.053949198627297,11.777919007789142,,,5.01296700654409,,,11.912216164199343,,,,,,,4.053949198627297,,,,6.111654331153608,,,,,10.925358268576911,6.458998198865708,,7.134220586183886,11.156318526116912,,11.777919007789142,,,,5.478070154289215,,,,7.74834344592649,,,,,,,,,,,,,,,,,,,,,9.313011623133434,,6.111654331153608,5.478070154289215,,,,,8.364480681578453,9.692367780840497,4.224008149292806,4.96921177879121,,9.272948151106249,,4.153453711720496,5.01296700654409,,,,,,11.128490477670148,,,,,7.024386306169014,,,,,,,,,11.128490477670148,,,10.264227896467698,,,,,,9.63147698754336,,,,,8.364480681578453,,,,,4.306135258436866,,,,8.056943309131281,4.39016893654157,11.912216164199343,,7.74834344592649,,9.692367780840497,,10.264227896467698,,,5.258298615606596,10.237173147047809,8.632909470754445,,10.329896434779279,5.971095589122942,,10.925358268576911,,,4.224008149292806,,,4.306135258436866,5.258298615606596,
103,,9.580020105187597,,,,,,6.458998198865708,,,4.96921177879121,,,,10.237173147047809,9.580020105187597,,,6.265378882082749,,8.63260406987797,,,,,,7.024386306169014,,,8.632909470754445,,,,,,,,7.134220586183886,,,9.272948151106249,,,,,,6.265378882082749,,,,9.447420204338432,,11.156318526116912,,,,,,8.056943309131281,10.329896434779279,,,,,,,,,,9.313011623133434,4.153453711720496,,9.63147698754336,4.39016893654157,5.971095589122942,,8.63260406987797,,9.447420204338432,,,4.053949198627297,11.777919007789142,,,5.01296700654409,,,11.912216164199343,,,,,,,4.053949198627297,,,,6.111654331153608,,,,,10.925358268576911,6.458998198865708,,7.134220586183886,11.156318526116912,,11.777919007789142,,,,5.478070154289215,,,,7.74834344592649,7.789478021253053,,,,,,,,,,,,,,,,,,,,9.313011623133434,,6.111654331153608,5.478070154289215,,,,,8.364480681578453,9.692367780840497,4.224008149292806,4.96921177879121,,9.272948151106249,,4.153453711720496,5.01296700654409,,,,,,11.128490477670148,,,,,7.024386306169014,,,,,,,,,11.128490477670148,,,10.264227896467698,,,,,,9.63147698754336,,,,,8.364480681578453,,,,,4.306135258436866,,,,8.056943309131281,4.39016893654157,11.912216164199343,,7.74834344592649,,9.692367780840497,,10.264227896467698,,,5.258298615606596,10.237173147047809,8.632909470754445,,10.329896434779279,5.971095589122942,,10.925358268576911,7.789478021253053,,4.224008149292806,,,4.306135258436866,5.258298615606596,
104,,9.580020105187597,,,,,,6.458998198865708,,,4.96921177879121,,,,10.237173147047809,9.580020105187597,,,6.265378882082749,,8.63260406987797,,,,,,7.024386306169014,,,8.632909470754445,,,,,,,,7.134220586183886,,,9.272948151106249,,,,,,6.265378882082749,,,,9.447420204338432,,,,,,,,8.056943309131281,10.329896434779279,,,,,,,,,,9.313011623133434,4.153453711720496,,9.63147698754336,4.39016893654157,5.971095589122942,,8.63260406987797,,9.447420204338432,,,4.053949198627297,11.777919007789142,,,5.01296700654409,,,11.912216164199343,,,,,,,4.053949198627297,,,,6.111654331153608,,,,,10.925358268576911,6.458998198865708,,7.134220586183886,,,11.777919007789142,,,,5.478070154289215,,,,7.74834344592649,7.789478021253053,,,,,,,,,,,,,,,,,,,,9.313011623133434,,6.111654331153608,5.478070154289215,,,,,8.364480681578453,9.692367780840497,4.224008149292806,4.96921177879121,,9.272948151106249,,4.153453711720496,5.01296700654409,,,,,,11.128490477670148,,,,,7.024386306169014,,,,,,,,,11.128490477670148,,,10.264227896467698,,,,,,9.63147698754336,,,,,8.364480681578453,,,,,4.306135258436866,,,,8.056943309131281,4.39016893654157,11.912216164199343,,7.74834344592649,,9.692367780840497,,10.264227896467698,,,5.258298615606596,10.237173147047809,8.632909470754445,,10.329896434779279,5.971095589122942,,10.925358268576911,7.789478021253053,,4.224008149292806,,,4.306135258436866,5.258298615606596,
105,,9.580020105187597,,,,,,6.458998198865708,,,4.96921177879121,,,,10.237173147047809,9.580020105187597,,,6.265378882082749,,8.63260406987797,,,,,,7.024386306169014,,,8.632909470754445,,,,,,,,7.134220586183886,,,9.272948151106249,,,,,,6.265378882082749,,,,9.447420204338432,,11.156318526116912,,,,,,8.056943309131281,10.329896434779279,,,,,,,,,,9.313011623133434,4.153453711720496,,9.63147698754336,4.39016893654157,5.971095589122942,,8.63260406987797,,9.447420204338432,,,4.053949198627297,11.777919007789142,,,5.01296700654409,,,11.912216164199343,,,,,,,4.053949198627297,,10.227611939384348,,6.111654331153608,,,,,10.925358268576911,6.458998198865708,,7.134220586183886,11.156318526116912,,11.777919007789142,10.227611939384348,,,5.478070154289215,,,,7.74834344592649,7.789478021253053,,,,,,,,,,,,,,,,,,,,9.313011623133434,,6.111654331153608,5.478070154289215,,,,,8.364480681578453,9.692367780840497,4.224008149292806,4.96921177879121,,9.272948151106249,,4.153453711720496,5.01296700654409,,,,,,11.128490477670148,,,,,7.024386306169014,,,,,,,,,11.128490477670148,,,10.264227896467698,,,,,,9.63147698754336,,,,,8.364480681578453,,,,,4.306135258436866,,,,8.056943309131281,4.39016893654157,11.912216164199343,,7.74834344592649,,9.692367780840497,,10.264227896467698,,,5.258298615606596,10.237173147047809,8.632909470754445,,10.329896434779279,5.971095589122942,,10.925358268576911,7.789478021253053,,4.224008149292806,,,4.306135258436866,5.258298615606596,
106,,9.580020105187597,,,,,,6.458998198865708,,,4.96921177879121,,,,10.237173147047809,9.580020105187597,,,6.265378882082749,,8.63260406987797,,,,,,,,,8.632909470754445,,,,,,,,7.134220586183886,,,9.272948151106249,,,,,,6.265378882082749,,,,9.447420204338432,,11.156318526116912,,,,,,8.056943309131281,10.329896434779279,,,,,,,,,,9.313011623133434,4.153453711720496,,9.63147698754336,4.39016893654157,5.971095589122942,,8.63260406987797,,9.447420204338432,,,4.053949198627297,11.777919007789142,,,5.01296700654409,,,11.912216164199343,,,,,,,4.053949198627297,,10.227611939384348,,6.111654331153608,,,,,10.925358268576911,6.458998198865708,,7.134220586183886,11.156318526116912,,11.777919007789142,10.227611939384348,,,5.478070154289215,,,,7.74834344592649,7.789478021253053,,,,,,,,,,,,,,,,,,,,9.313011623133434,,6.111654331153608,5.478070154289215,,,,,8.364480681578453,,4.224008149292806,4.96921177879121,,9.272948151106249,,4.153453711720496,5.01296700654409,,,,,,11.128490477670148,,,,,,,,,,,,,,11.128490477670148,,,,,,,,,9.63147698754336,,,,,8.364480681578453,,,,,4.306135258436866,,,,8.056943309131281,4.39016893654157,11.912216164199343,,7.74834344592649,,,,,,,5.258298615606596,10.237173147047809,8.632909470754445,,10.329896434779279,5.971095589122942,,10.925358268576911,7.789478021253053,,4.224008149292806,,,4.306135258436866,5.258298615606596,
107,,9.580020105187597,,,,,,6.458998198865708,,,4.96921177879121,,,,10.237173147047809,9.580020105187597,,,6.265378882082749,,8.63260406987797,,,,,,7.024386306169014,,,8.632909470754445,,,,,,,,7.134220586183886,,,9.272948151106249,,,,,,6.265378882082749,,,,9.447420204338432,,11.156318526116912,,,,,,8.056943309131281,10.329896434779279,,,,,,,,,,9.313011623133434,4.153453711720496,,9.63147698754336,4.39016893654157,5.971095589122942,,8.63260406987797,,9.447420204338432,,,4.053949198627297,11.777919007789142,,,5.01296700654409,,,11.912216164199343,,,,,,,4.053949198627297,,10.227611939384348,,6.111654331153608,,,,,10.925358268576911,6.458998198865708,,7.134220586183886,11.156318526116912,,11.777919007789142,10.227611939384348,,,5.478070154289215,,,,7.74834344592649,7.789478021253053,,,,,,,,,,,,,,,,,,,,9.313011623133434,,6.111654331153608,5.478070154289215,,,,,8.364480681578453,9.692367780840497,4.224008149292806,4.96921177879121,,9.272948151106249,,4.153453711720496,5.01296700654409,,,,,,11.128490477670148,,,,,7.024386306169014,,,,,,,,,11.128490477670148,,,10.264227896467698,,,,,,9.63147698754336,,,,,8.364480681578453,,,,,4.306135258436866,,,,8.056943309131281,4.39016893654157,11.912216164199343,,7.74834344592649,,9.692367780840497,,10.264227896467698,,,5.258298615606596,10.237173147047809,8.632909470754445,,10.329896434779279,5.971095589122942,,10.925358268576911,7.789478021253053,,4.224008149292806,,,4.306135258436866,5.258298615606596,
108,,9.580020105187597,,,,,,6.458998198865708,,,4.96921177879121,,,,10.237173147047809,9.580020105187597,,,6.265378882082749,,8.63260406987797,,,,,,7.024386306169014,,9.48912416325338,8.632909470754445,,,,,,,,7.134220586183886,,,9.272948151106249,,,,,,6.265378882082749,,,,9.447420204338432,,11.156318526116912,,,,,,8.056943309131281,10.329896434779279,,,,,,,,,,9.313011623133434,4.153453711720496,,9.63147698754336,4.39016893654157,5.971095589122942,,8.63260406987797,,9.447420204338432,,,4.053949198627297,11.777919007789142,,,5.01296700654409,,,11.912216164199343,,,,,,,4.053949198627297,,10.227611939384348,,6.111654331153608,,,,,10.925358268576911,6.458998198865708,,7.134220586183886,11.156318526116912,,11.777919007789142,10.227611939384348,,,5.478070154289215,,,,7.74834344592649,7.789478021253053,,,,,,,,,,,,,,,,,,,,9.313011623133434,,6.111654331153608,5.478070154289215,,,,,8.364480681578453,9.692367780840497,4.224008149292806,4.96921177879121,,9.272948151106249,,4.153453711720496,5.01296700654409,,,,,,11.128490477670148,,,,,7.024386306169014,,,,,,,,,11.128490477670148,,,10.264227896467698,,,,,,9.63147698754336,,,,,8.364480681578453,,,,,4.306135258436866,,9.48912416325338,,8.056943309131281,4.39016893654157,11.912216164199343,,7.74834344592649,,9.692367780840497,,10.264227896467698,,,5.258298615606596,10.237173147047809,8.632909470754445,,10.329896434779279,5.971095589122942,,10.925358268576911,7.789478021253053,,4.224008149292806,,,4.306135258436866,5.258298615606596,
109,,9.580020105187597,,,,,,6.458998198865708,,,4.96921177879121,,,,10.237173147047809,9.580020105187597,,,6.265378882082749,,8.63260406987797,,,,,,7.024386306169014,,9.48912416325338,8.632909470754445,,,,,,,,7.134220586183886,,,9.272948151106249,,,,,,6.265378882082749,,,,9.447420204338432,,11.156318526116912,,,,,,8.056943309131281,10.329896434779279,,,,,,,,,,9.313011623133434,4.153453711720496,,9.63147698754336,4.39016893654157,5.971095589122942,,8.63260406987797,,9.447420204338432,,,4.053949198627297,11.777919007789142,,,5.01296700654409,,,11.912216164199343,,,,,,,4.053949198627297,,10.227611939384348,,6.111654331153608,,,,,10.925358268576911,6.458998198865708,,7.134220586183886,11.156318526116912,,11.777919007789142,10.227611939384348,,,5.478070154289215,,9.146899294534693,,7.74834344592649,7.789478021253053,,,,,,,,,,,,,,,,,,,,9.313011623133434,,6.111654331153608,5.478070154289215,,,8.142973187396004,,8.364480681578453,9.692367780840497,4.224008149292806,4.96921177879121,,9.272948151106249,,4.153453711720496,5.01296700654409,,,,8.142973187396004,,11.128490477670148,,,,,7.024386306169014,,,,,,9.146899294534693,,,11.128490477670148,,,10.264227896467698,,,,,,9.63147698754336,,,,,8.364480681578453,,,,,4.306135258436866,,9.48912416325338,,8.056943309131281,4.39016893654157,11.912216164199343,,7.74834344592649,,9.692367780840497,,10.264227896467698,,,5.258298615606596,10.237173147047809,8.632909470754445,,10.329896434779279,5.971095589122942,,10.925358268576911,7.789478021253053,,4.224008149292806,,,4.306135258436866,5.258298615606596,
110,,9.580020105187597,,,,,,6.458998198865708,,,4.96921177879121,,,,10.237173147047809,9.580020105187597,,,6.265378882082749,,8.63260406987797,,,,,,7.024386306169014,,9.48912416325338,8.632909470754445,,,,,,,,7.134220586183886,,,9.272948151106249,,,,,,6.265378882082749,,,,9.447420204338432,,11.156318526116912,,,,,,8.056943309131281,10.329896434779279,,,,,,,,,,9.313011623133434,4.153453711720496,,9.63147698754336,4.39016893654157,5.971095589122942,,8.63260406987797,,9.447420204338432,,,4.053949198627297,11.777919007789142,,,5.01296700654409,,,11.912216164199343,,,,,,,4.053949198627297,,10.227611939384348,,6.111654331153608,,,,,10.925358268576911,6.458998198865708,,7.134220586183886,11.156318526116912,,11.777919007789142,10.227611939384348,,,5.478070154289215,,9.146899294534693,,7.74834344592649,7.789478021253053,,,,,,,,,,,,,,,,,,,,9.313011623133434,,6.111654331153608,5.478070154289215,,,8.142973187396004,,8.364480681578453,9.692367780840497,4.224008149292806,4.96921177879121,,9.272948151106249,,4.153453711720496,5.01296700654409,,,,8.142973187396004,,11.128490477670148,,,,,7.024386306169014,,,,,,9.146899294534693,,,11.128490477670148,,,10.264227896467698,,,,,,9.63147698754336,,,,,8.364480681578453,,,,,4.306135258436866,,9.48912416325338,,8.056943309131281,4.39016893654157,11.912216164199343,,7.74834344592649,,9.692367780840497,,10.264227896467698,,,5.258298615606596,10.237173147047809,8.632909470754445,,10.329896434779279,5.971095589122942,,10.925358268576911,7.789478021253053,,4.224008149292806,,,4.306135258436866,5.258298615606596,
111,,9.580020105187597,,,,,,6.458998198865708,,,4.96921177879121,,,,10.237173147047809,9.580020105187597,,,6.265378882082749,,8.63260406987797,,,,,,7.024386306169014,,9.48912416325338,8.632909470754445,,,,,,,,7.134220586183886,,,9.272948151106249,,,,,,6.265378882082749,,,,9.447420204338432,,11.156318526116912,,,,,,8.056943309131281,10.329896434779279,,,,,,,,,,9.313011623133434,4.153453711720496,,9.63147698754336,4.39016893654157,5.971095589122942,,8.63260406987797,,9.447420204338432,,,4.053949198627297,11.777919007789142,,,5.01296700654409,,,11.912216164199343,,,,,,,4.053949198627297,,10.227611939384348,,6.111654331153608,,,,,10.925358268576911,6.458998198865708,,7.134220586183886,11.156318526116912,,11.777919007789142,10.227611939384348,,,5.478070154289215,,9.146899294534693,,7.74834344592649,7.789478021253053,,,,,,,,,,,,,,,,,,,,9.313011623133434,,6.111654331153608,5.478070154289215,,,8.142973187396004,,8.364480681578453,9.692367780840497,4.224008149292806,4.96921177879121,,9.272948151106249,,4.153453711720496,5.01296700654409,,,,8.142973187396004,,11.128490477670148,,,,,7.024386306169014,,,,,,9.146899294534693,,,11.128490477670148,,,10.264227896467698,,,,,,9.63147698754336,,,,,8.364480681578453,,,,,4.306135258436866,,9.48912416325338,,8.056943309131281,4.39016893654157,11.912216164199343,,7.74834344592649,,9.692367780840497,,10.264227896467698,,,5.258298615606596,10.237173147047809,8.632909470754445,,10.329896434779279,5.971095589122942,,10.925358268576911,7.789478021253053,,4.224008149292806,,,4.306135258436866,5.258298615606596,
112,,9.580020105187597,,,,,,6.458998198865708,,,4.96921177879121,,,,10.237173147047809,9.580020105187597,,,6.265378882082749,,8.63260406987797,,,,,,7.024386306169014,,9.48912416325338,8.632909470754445,,,,,,,,7.134220586183886,,,9.272948151106249,,,,,,6.265378882082749,,,,9.447420204338432,,11.156318526116912,,,,,,8.056943309131281,10.329896434779279,,,,,,,,,,9.313011623133434,4.153453711720496,,9.63147698754336,4.39016893654157,5.971095589122942,,8.63260406987797,,9.447420204338432,,,4.053949198627297,11.777919007789142,,,5.01296700654409,,,11.912216164199343,,,,,,,4.053949198627297,,10.227611939384348,,6.111654331153608,,,,,10.925358268576911,6.458998198865708,,7.134220586183886,11.156318526116912,,11.777919007789142,10.227611939384348,,,5.478070154289215,,9.146899294534693,,7.74834344592649,7.789478021253053,,,,,,,,,,,,,,,,,,,,9.313011623133434,,6.111654331153608,5.478070154289215,,,8.142973187396004,,8.364480681578453,9.692367780840497,4.224008149292806,4.96921177879121,,9.272948151106249,,4.153453711720496,5.01296700654409,,,,8.142973187396004,,11.128490477670148,,,,,7.024386306169014,,,,,,9.146899294534693,,,11.128490477670148,,,10.264227896467698,,,,,,9.63147698754336,,,,,8.364480681578453,,,,,4.306135258436866,,9.48912416325338,,8.056943309131281,4.39016893654157,11.912216164199343,,7.74834344592649,,9.692367780840497,,10.264227896467698,,,5.258298615606596,10.237173147047809,8.632909470754445,,10.329896434779279,5.971095589122942,,10.925358268576911,7.789478021253053,,4.224008149292806,,,4.306135258436866,5.258298615606596,
113,,9.580020105187597,,,,,,6.458998198865708,,,4.96921177879121,,,,10.237173147047809,9.580020105187597,,,6.265378882082749,,8.63260406987797,,,,,,7.024386306169014,,9.48912416325338,8.632909470754445,,,,,,,,7.134220586183886,,,9.272948151106249,,,,,,6.265378882082749,,,,9.447420204338432,,11.156318526116912,,,,,,8.056943309131281,10.329896434779279,,,,,,,,,,9.313011623133434,4.153453711720496,,9.63147698754336,4.39016893654157,5.971095589122942,,8.63260406987797,,9.447420204338432,,,4.053949198627297,11.777919007789142,,,5.01296700654409,,,11.912216164199343,,,,,,,4.053949198627297,,10.227611939384348,,6.111654331153608,,,,,10.925358268576911,6.458998198865708,,7.134220586183886,11.156318526116912,,11.777919007789142,10.227611939384348,,,5.478070154289215,,9.146899294534693,,7.74834344592649,7.789478021253053,,,,,,,,,,,,,,,,,,,,9.313011623133434,,6.111654331153608,5.478070154289215,,,8.142973187396004,,8.364480681578453,9.692367780840497,4.224008149292806,4.96921177879121,,9.272948151106249,,4.153453711720496,5.01296700654409,,,,8.142973187396004,,11.128490477670148,,,,,7.024386306169014,,,,,,9.146899294534693,,,11.128490477670148,,,10.264227896467698,,,,,,9.63147698754336,,,,,8.364480681578453,,,,,4.306135258436866,,9.48912416325338,,8.056943309131281,4.39016893654157,11.912216164199343,,7.74834344592649,,9.692367780840497,,10.264227896467698,,,5.258298615606596,10.237173147047809,8.632909470754445,,10.329896434779279,5.971095589122942,,10.925358268576911,7.789478021253053,,4.224008149292806,,,4.306135258436866,5.258298615606596,
114,,9.580020105187597,,,,,,6.458998198865708,,,4.96921177879121,,,,10.237173147047809,9.580020105187597,,,6.265378882082749,,8.63260406987797,,,,,,7.024386306169014,,9.48912416325338,8.632909470754445,,,,,,,,7.134220586183886,,,9.272948151106249,,,,,,6.265378882082749,,,,9.447420204338432,,11.156318526116912,,,,,,8.056943309131281,10.329896434779279,,,,,,,,,,9.313011623133434,4.153453711720496,,9.63147698754336,4.39016893654157,5.971095589122942,,8.63260406987797,,9.447420204338432,,,4.053949198627297,11.777919007789142,,,5.01296700654409,,,11.912216164199343,,,,,,,4.053949198627297,,10.227611939384348,,,,,,,10.925358268576911,6.458998198865708,,7.134220586183886,11.156318526116912,,11.777919007789142,10.227611939384348,,,,,9.146899294534693,,7.74834344592649,7.789478021253053,,,,,,,,,,,,,,,,,,,,9.313011623133434,,,,,,8.142973187396004,,8.364480681578453,9.692367780840497,4.224008149292806,4.96921177879121,,9.272948151106249,,4.153453711720496,5.01296700654409,,,,8.142973187396004,,11.128490477670148,,,,,7.024386306169014,,,,,,9.146899294534693,,,11.128490477670148,,11.539316778442124,10.264227896467698,,,,,,9.63147698754336,,,,,8.364480681578453,,11.539316778442124,,,4.306135258436866,,9.48912416325338,,8.056943309131281,4.39016893654157,11.912216164199343,,7.74834344592649,,9.692367780840497,,10.264227896467698,,,5.258298615606596,10.237173147047809,8.632909470754445,,10.329896434779279,5.971095589122942,,10.925358268576911,7.789478021253053,,4.224008149292806,,,4.306135258436866,5.258298615606596,
115,,9.580020105187597,,,,,,6.458998198865708,,,4.96921177879121,,,,10.237173147047809,9.580020105187597,,,6.265378882082749,,8.63260406987797,,,,,,7.024386306169014,,9.48912416325338,8.632909470754445,,,,,,,,7.134220586183886,,,9.272948151106249,,,,,,6.265378882082749,,,,9.447420204338432,,11.156318526116912,,,,,,8.056943309131281,10.329896434779279,,,,,,,,,,9.313011623133434,4.153453711720496,,9.63147698754336,4.39016893654157,5.971095589122942,,8.63260406987797,,9.447420204338432,,,4.053949198627297,11.777919007789142,,,5.01296700654409,,,11.912216164199343,,,,,,,4.053949198627297,,10.227611939384348,,6.111654331153608,,,,,10.925358268576911,6.458998198865708,,7.134220586183886,11.156318526116912,,11.777919007789142,10.227611939384348,,,5.478070154289215,,9.146899294534693,,7.74834344592649,7.789478021253053,,,,,,,,,,,,,,,,,,,,9.313011623133434,,6.111654331153608,5.478070154289215,,,8.142973187396004,,8.364480681578453,9.692367780840497,4.224008149292806,4.96921177879121,,9.272948151106249,,4.153453711720496,5.01296700654409,,,,8.142973187396004,,11.128490477670148,,,,,7.024386306169014,,,,,,9.146899294534693,,,11.128490477670148,,11.539316778442124,10.264227896467698,,,,,,9.63147698754336,,,,,8.364480681578453,,11.539316778442124,,,4.306135258436866,,9.48912416325338,,8.056943309131281,4.39016893654157,11.912216164199343,,7.74834344592649,,9.692367780840497,,10.264227896467698,,,5.258298615606596,10.237173147047809,8.632909470754445,,10.329896434779279,5.971095589122942,,10.925358268576911,7.789478021253053,,4.224008149292806,,,4.306135258436866,5.258298615606596,
116,,9.580020105187597,,,,,,6.458998198865708,,,4.96921177879121,,,,10.237173147047809,9.580020105187597,,,6.265378882082749,,8.63260406987797,,,,,,7.024386306169014,,9.48912416325338,8.632909470754445,,,,,,,,7.134220586183886,,,9.272948151106249,,,,,,6.265378882082749,,,,9.447420204338432,,11.156318526116912,,,,,,8.056943309131281,10.329896434779279,,,,,,,,,,9.313011623133434,4.153453711720496,,9.63147698754336,4.39016893654157,5.971095589122942,,8.63260406987797,,9.447420204338432,,,4.053949198627297,11.777919007789142,,,5.01296700654409,,,11.912216164199343,,,,,,,4.053949198627297,,10.227611939384348,,6.111654331153608,,,,,10.925358268576911,6.458998198865708,,7.134220586183886,11.156318526116912,,11.777919007789142,10.227611939384348,,,5.478070154289215,,9.146899294534693,,7.74834344592649,7.789478021253053,,,,,,,,,,,,,,,,,,,,9.313011623133434,,6.111654331153608,5.478070154289215,,,8.142973187396004,,8.364480681578453,9.692367780840497,4.224008149292806,4.96921177879121,,9.272948151106249,,4.153453711720496,5.01296700654409,,,,8.142973187396004,,11.128490477670148,,,,,7.024386306169014,,,,,,9.146899294534693,,,11.128490477670148,,11.539316778442124,10.264227896467698,,,,,,9.63147698754336,,,,,8.364480681578453,,11.539316778442124,,,4.306135258436866,,9.48912416325338,,8.056943309131281,4.39016893654157,11.912216164199343,,7.74834344592649,,9.692367780840497,,10.264227896467698,,,5.258298615606596,10.237173147047809,8.632909470754445,,10.329896434779279,5.971095589122942,,10.925358268576911,7.789478021253053,,4.224008149292806,,,4.306135258436866,5.258298615606596,
117,,9.580020105187597,,,,,,6.458998198865708,,,4.96921177879121,,,,10.237173147047809,9.580020105187597,,,6.265378882082749,,8.63260406987797,,,,,,7.024386306169014,,9.48912416325338,8.632909470754445,,,,,,,,7.134220586183886,,,9.272948151106249,,,,,,6.265378882082749,,,,9.447420204338432,,11.156318526116912,,,,,,8.056943309131281,10.329896434779279,,,,,,,,,,9.313011623133434,4.153453711720496,,9.63147698754336,4.39016893654157,5.971095589122942,,8.63260406987797,,9.447420204338432,,,4.053949198627297,11.777919007789142,,,5.01296700654409,,,11.912216164199343,,,,,,,4.053949198627297,,10.227611939384348,,6.111654331153608,,,,,10.925358268576911,6.458998198865708,,7.134220586183886,11.156318526116912,,11.777919007789142,10.227611939384348,,,5.478070154289215,,9.146899294534693,,7.74834344592649,7.789478021253053,,,,,,,,,,,,,,,,,,,,9.313011623133434,,6.111654331153608,5.478070154289215,,,8.142973187396004,,8.364480681578453,9.692367780840497,4.224008149292806,4.96921177879121,,9.272948151106249,,4.153453711720496,5.01296700654409,,,,8.142973187396004,,11.128490477670148,,,,,7.024386306169014,,,,,,9.146899294534693,,,11.128490477670148,,11.539316778442124,10.264227896467698,,,,,,9.63147698754336,,,,,8.364480681578453,,11.539316778442124,,,4.306135258436866,,9.48912416325338,,8.056943309131281,4.39016893654157,11.912216164199343,,7.74834344592649,,9.692367780840497,,10.264227896467698,,,5.258298615606596,10.237173147047809,8.632909470754445,,10.329896434779279,5.971095589122942,,10.925358268576911,7.789478021253053,,4.224008149292806,,,4.306135258436866,5.258298615606596,
118,,9.580020105187597,,,,,,6.458998198865708,,,4.96921177879121,,,,10.237173147047809,9.580020105187597,,,6.265378882082749,,8.63260406987797,,,,,,7.024386306169014,,9.48912416325338,8.632909470754445,,,,,,,,7.134220586183886,,,9.272948151106249,,,,,,6.265378882082749,,,,9.447420204338432,,11.156318526116912,,,,,,8.056943309131281,10.329896434779279,,,,,,,,,,9.313011623133434,4.153453711720496,,9.63147698754336,4.39016893654157,5.971095589122942,,8.63260406987797,,9.447420204338432,,,4.053949198627297,11.777919007789142,,,5.01296700654409,,,11.912216164199343,,,,,,,4.053949198627297,,10.227611939384348,,6.111654331153608,,,,,10.925358268576911,6.458998198865708,,7.134220586183886,11.156318526116912,,11.777919007789142,10.227611939384348,,,5.478070154289215,7.438000154276108,9.146899294534693,,7.74834344592649,7.789478021253053,,,,,,,,,,,,,,,,,,,,9.313011623133434,,6.111654331153608,5.478070154289215,,,8.142973187396004,,8.364480681578453,9.692367780840497,4.224008149292806,4.96921177879121,,9.272948151106249,,4.153453711720496,5.01296700654409,,7.438000154276108,,8.142973187396004,,11.128490477670148,,,,,7.024386306169014,,,,,,9.146899294534693,,,11.128490477670148,,11.539316778442124,10.264227896467698,,,,,,9.63147698754336,,,,,8.364480681578453,,11.539316778442124,,,4.306135258436866,,9.48912416325338,,8.056943309131281,4.39016893654157,11.912216164199343,,7.74834344592649,,9.692367780840497,,10.264227896467698,,,5.258298615606596,10.237173147047809,8.632909470754445,,10.329896434779279,5.971095589122942,,10.925358268576911,7.789478021253053,,4.224008149292806,,,4.306135258436866,5.258298615606596,
119,,9.580020105187597,,,,,,6.458998198865708,,,4.96921177879121,,,,10.237173147047809,9.580020105187597,,,6.265378882082749,,8.63260406987797,,,,,,7.024386306169014,,9.48912416325338,8.632909470754445,,,,,,,4.777835423495377,7.134220586183886,,,9.272948151106249,,,,,,6.265378882082749,,,,9.447420204338432,,11.156318526116912,,,,,,8.056943309131281,10.329896434779279,,,,,,,,,,9.313011623133434,4.153453711720496,,9.63147698754336,4.39016893654157,5.971095589122942,,8.63260406987797,,9.447420204338432,,,4.053949198627297,11.777919007789142,,,5.01296700654409,,,11.912216164199343,,,,4.777835423495377,,,4.053949198627297,,10.227611939384348,,6.111654331153608,,,,5.258196423519499,10.925358268576911,6.458998198865708,,7.134220586183886,11.156318526116912,,11.777919007789142,10.227611939384348,,,5.478070154289215,7.438000154276108,9.146899294534693,,7.74834344592649,7.789478021253053,,,,,,,,,,,,,,,,,,,,9.313011623133434,,6.111654331153608,5.478070154289215,,,8.142973187396004,,8.364480681578453,9.692367780840497,4.224008149292806,4.96921177879121,,9.272948151106249,,4.153453711720496,5.01296700654409,,7.438000154276108,,8.142973187396004,,11.128490477670148,,,,,7.024386306169014,,,,,,9.146899294534693,,,11.128490477670148,,11.539316778442124,10.264227896467698,,,,,,9.63147698754336,,,,,8.364480681578453,,11.539316778442124,,,4.306135258436866,,9.48912416325338,,8.056943309131281,4.39016893654157,11.912216164199343,5.258196423519499,7.74834344592649,,9.692367780840497,,10.264227896467698,,,5.258298615606596,10.237173147047809,8.632909470754445,,10.329896434779279,5.971095589122942,,10.925358268576911,7.789478021253053,,4.224008149292806,,,4.306135258436866,5.258298615606596,
